,Centers,Locations,emails,phones,programs
0,(Gi) Kinaa'amaadiiwigamingoons Little Teaching Lodge Aboriginal Head Start,"205 College Avenue
Brandon, Manitoba
R7A 7E2",ltglodge@mymts.net,(204) 729-0788,Nursery/Preschool
1,Action Centre Day Nursery Inc.,"205 College Avenue
Brandon, Manitoba
R7A 7E2",ben.action@shawbiz.ca,(204) 582-1903,"Infant, Nursery/Preschool, School Age"
2,Advantage Child Care Academy Inc.,"51 Scurfield Boulevard
Winnipeg, Manitoba
R3Y 1G4",hdhanjal@advantagechildcareacademy.ca,,"Infant, Nursery/Preschool, School Age"
3,Agassiz Child Care Centre Inc.,"131 Leach Street
Winnipeg, Manitoba
R3T 5W6",agassizchildcare@mts.net,(204) 269-3779,"Nursery/Preschool, School Age"
4,Aleph-Bet Child Life Enrichment Program Inc.,"1007 Sinclair Street
Winnipeg, Manitoba
R2V 3J5",alephbet@mymts.net,,"Nursery/Preschool, School Age"
5,Aleph-Bet Child Life Enrichment School Age Program Inc. - Margaret Park,"385 Cork Avenue
Winnipeg, Manitoba
R2V 1R6",alephbet@mymts.net,,"Nursery/Preschool, School Age"
6,Alonsa Nursery School,"#6 Hwy #50
Alonsa, Manitoba
R0A 0N0",,(204) 767-2168,Nursery/Preschool
7,Andrews Early Learning Centre,"801 Andrews Street
Winnipeg, Manitoba
R2V 0T9",smdcdirectors@gmail.com,,"Infant, Nursery/Preschool"
8,Angus McKay Nursery School Incorporated,"850 Woodvale Street
Winnipeg, Manitoba
R2K 2G8",angusnursery@gmail.com,,Nursery/Preschool
9,Anne Ross Day Nursery,"511 King Street
Winnipeg, Manitoba
R2W 5L4",emorris@mountcarmel.ca,,"Infant, Nursery/Preschool"
10,Arborg Play Group Inc.,"495 Mill Ave
Arborg, Manitoba
R0C 0A0",hloweapg@mymts.net,,"Infant, Nursery/Preschool"
11,Arborgate Treasure Keepers Children's Centre,"71 Normandeau Bay
La Broquerie, Manitoba
R0A 0W0",treasurekeepers@hotmail.com,,"Infant, Nursery/Preschool, School Age"
12,Ashern Day Care Co-op Inc.,"2 Main Street E
Ashern, Manitoba
R0C 0E0",asherndaycare@hotmail.com,,"Infant, Nursery/Preschool"
13,Ashworth Children's Centre Incorporated,"164 Southglen Boulevard
Winnipeg, Manitoba
R2N 3J3",ashwor@mymts.net,,"Infant, Nursery/Preschool, School Age"
14,Assiniboine Castle Daycare Co-op Inc.,"500 Shaftesbury Boulevard
Winnipeg, Manitoba
R3P 0M1",acdccoop@gmail.com,,"Infant, Nursery/Preschool"
15,Assiniboine Children's Centre Inc.,"175 Winston Road
Winnipeg, Manitoba
R3J 1N1",marilyn@assiniboinecc.org,(204) 889-3308,"Infant, Nursery/Preschool, School Age"
16,Assiniboine Children's Centre Inc. Parkside Site,"135 Parkside Drive
Winnipeg, Manitoba
R3J 1N1",info@assiniboinecc.org,(204) 889-3308,"Infant, Nursery/Preschool"
17,Assiniboine Early Learning Centre Inc.,"1430 Victoria Avenue E
Brandon, Manitoba
R7A 2A9",aelc@assiniboine.net,,"Infant, Nursery/Preschool"
18,Austin-Sidney Nursery School Inc.,"7 Fraser Street
Austin, Manitoba
R0H 0C0",austinsidneynurseryschool@outlook.com,,Nursery/Preschool
19,Avicenna Academy,"200 Dalhousie Drive
Winnipeg, Manitoba
R3T 2Z1",daycare@avicenna-academy.ca,,Nursery/Preschool
20,Baldur Early Learning Centre Inc.,"P/O Box 12
Baldur, Manitoba
R0K 0B0",baldurelc@gmail.com,,"Infant, Nursery/Preschool"
21,Baldur Nursery School Inc.,"142 1st Street
Baldur, Manitoba
R0K 0B0",baldurnurseryschool@gmail.com,,Nursery/Preschool
22,Balmoral Childcare Centre Inc.,"236-6026E PVT 236 Highway E
Balmoral, Manitoba
R0C 0H0",balmoralchildcare@gmail.com,,"Nursery/Preschool, School Age"
23,Bambini Montessori Preschool Inc.,"A-1086 St. Mary's Road
Winnipeg, Manitoba
R2M 4K4",admin@bambinimontessori.ca,,Nursery/Preschool
24,Beaumont Day Care Inc.,"5880 Betsworth Avenue
Winnipeg, Manitoba
R3R 0J7",beaumont@mymts.net,,"Nursery/Preschool, School Age"
25,Beausejour Kids Centre Inc.,"900 James Avenue
Beausejour, Manitoba
R0E 0C0",beausejourkidscentre@mymts.net,,"Infant, Nursery/Preschool, School Age"
26,Beautiful Savior Lutheran Child Care (St. Mary's),"1541-B St Mary's Road
Winnipeg, Manitoba
R2M 3V8",childcare@bsls.ca,,"Infant, Nursery/Preschool"
27,Beautiful Savior Lutheran School Inc. (Birchdale),"52 Birchdale Avenue
Winnipeg, Manitoba
R2H 1R9",childcare@bsls.ca,,"Nursery/Preschool, School Age"
28,Beautiful Savior Nursery School (St.Mary's),"1541 St. Mary's Road
Winnipeg, Manitoba
R2M 3V8",childcare@bsls.ca,,Nursery/Preschool
29,Beaverlodge Care for Kids Inc.,"6691 Rannock Avenue
Winnipeg, Manitoba
R3R 1Z3",blckdirector@shaw.ca,(204) 832-9635,"Infant, Nursery/Preschool, School Age"
30,Behavioural Health Foundation Day Care,"3514 Pembina Highway
Winnipeg, Manitoba
R3V 1L6",lilliank@bhf.ca,(204) 269-8613,"Infant, Nursery/Preschool, School Age"
31,Belmont Learning Centre,"525 Belmont Street
Winnipeg, Manitoba
R2V 2B5",smdcdirectors@gmail.com,(204) 334-7075,"Nursery/Preschool, School Age"
32,Benito Child Care Centre,"75 4th Avenue
Benito, Manitoba
R0L 0C0",bccckids@gmail.com,(204) 539-2628,"Infant, Nursery/Preschool, School Age"
33,BH Beginnings DayCare Centre,"630 Westminster Street
Winnipeg, Manitoba
R3C 3C1",cprociuk@balmoralhall.ca,,Nursery/Preschool
34,Birch River Nursery School,"210 Drury Avenue
Birch River, Manitoba
R0L 0E0",mbrading@mymts.net,,Nursery/Preschool
35,Birds Hill Before and After School Care,"3950 Raleigh Street
East St. Paul, Manitoba
R2E 0G9",ashley.massner@ymanitoba.ca,(204) 669-7286,"Nursery/Preschool, School Age"
36,Birnie Nursery School Inc.,"17 Government Allowance Road
Birnie, Manitoba
R0J 0J0",dondo47@gmail.com,(204) 922-2013,Nursery/Preschool
37,Birtle Nursery School Inc.(Morning Star School Age Program),"73 11th Street
Birtle, Manitoba
R0M 0C0",mornstardaycare@gmail.com,(204) 842-3276,"Nursery/Preschool, School Age"
38,Boissevain Nursery School Inc.,"Rm.122- 885 Mill Road
Boissevain, Manitoba
R0K 0E0",boissevainnurseryschool@gmail.com,(204) 305-0475,Nursery/Preschool
39,Brandon Nursery School Inc.,"451 18th Street
Brandon, Manitoba
R7A 5A9",brandonnurseryschool@gmail.com,,Nursery/Preschool
40,Bright Beginnings Educare Inc.,"111 Alboro Street
Headingley, Manitoba
R4J 1A3",brightbeginnings@mymts.net,,"Nursery/Preschool, School Age"
41,Bright Beginnings Educare Inc. (Monterey site),"5330 Monterey Road
Headingley, Manitoba
R4H 1J9",brightbeginnings@mymts.net,,"Infant, Nursery/Preschool"
42,Bright Beginnings for Kids INC.,"29 Des Meurons Street
Winnipeg, Manitoba
R2M 2X7",bbforkids@shaw.ca,,"Infant, Nursery/Preschool"
43,Bright Future Child Care Center Inc.,"898 Henderson Highway
Winnipeg, Manitoba
R2K 3T4",brightfutureccc@shaw.ca,(204) 667-2930,"Nursery/Preschool, School Age"
44,Bright Tikes Preschool and Day Care Inc.,"10 - 3014 Henderson Highway
East St. Paul, Manitoba
R2E 0H9",info@brighttikes.com,(204) 410-1001,"Infant, Nursery/Preschool, School Age"
45,Brightling Children's Academy,"1461 Chevrier boulevard
Winnipeg, Manitoba
R3T 1Y7",info@brightlingacademy.ca,,"Infant, Nursery/Preschool, School Age"
46,Brock Corydon Day Care Inc.,"1510 Corydon Avenue
Winnipeg, Manitoba
R3N 0J6",bcd@brockcorydondaycare.ca,,"Nursery/Preschool, School Age"
47,Brooklands Day Care Centre Inc.,"1950 Pacific Avenue W
Winnipeg, Manitoba
R2R 0G4",Bdcdayc@mymts.net,,"Nursery/Preschool, School Age"
48,Bruxelles Preschool,"20 School Street
Bruxelles, Manitoba
R0G 0G0",smallendeavors@live.ca,,Nursery/Preschool
49,BU Early Learning Centre Inc.,"303 21st Street
Brandon, Manitoba
R7B 1N8",branu@mts.net,,Nursery/Preschool
50,Budz 'n Bloom Day Care Centre Inc.,"101 Hamilton Street
Neepawa, Manitoba
R0J 1H0",budzblom@mymts.net,(204) 476-3844,"Infant, Nursery/Preschool"
51,Building Blocks on Balmoral,"51 Balmoral Street
Winnipeg, Manitoba
R3C 1X5",colleen.lussier@ymanitoba.ca,,"Infant, Nursery/Preschool"
52,Bumper Crop Early Learning Centre Inc.,"2090 Jefferson Ave
Winnipeg, Manitoba
R2R 3A3",director@bumpercropelc.ca,,"Infant, Nursery/Preschool, School Age"
53,Busy Bee Day Care Centre,"646-648 McGee Street
Winnipeg, Manitoba
R3E 1W8",busybee@mts.net,(204) 775-6506,"Infant, Nursery/Preschool, School Age"
54,Busy Bee Day Care Centre Inc. - King Edward Site,"1770 King Edward Street
Winnipeg, Manitoba
R2R 0M5",busybee@mymts.net,(204) 633-3054,"Infant, Nursery/Preschool"
55,Busy Bee Day Care Centre Inc. School Age Program,"640 McGee Street
Winnipeg, Manitoba
R3E 1W8",busybee@mts.net,(204) 775-6506,"Nursery/Preschool, School Age"
56,Busy Nest Day Care Inc.,"159 Main Street
Morris, Manitoba
R0G 1K0",bnkoc2019@outlook.com,,"Infant, Nursery/Preschool"
57,C.A.P.T. (Grosvenor) Inc.,"1045 Grosvenor Avenue
Winnipeg, Manitoba
R3M 0M8",captinfo@mymts.net,(204) 925-6152,Nursery/Preschool
58,C.A.P.T. Inc.,"245 Queenston Street
Winnipeg, Manitoba
R3N 0W6",captinfo@mymts.net,(204) 925-6150,"Nursery/Preschool, School Age"
59,Cairns Children's Centre Inc.,"1100 Chancellor Drive
Winnipeg, Manitoba
R3T 4W8",tannis.hewitt@cairnscc.com,,"Nursery/Preschool, School Age"
60,Cairns Parc La Salle,"190 Houde Drive
St Norbert Winnipeg, Manitoba
R3V 1C5",tannis.hewitt@cairnscc.com,,"Nursery/Preschool, School Age"
61,Campus Children's Centre Inc.,"15 - 19 Dysart Road
Winnipeg, Manitoba
R3T 2N2",ccci19138@gmail.com,,"Infant, Nursery/Preschool"
62,Can You Imagine Preschool Care and Education Centre Inc.,"55 Stadacona Street
Wpg, Manitoba
R2L 1P8",cyi@mymts.net,,Nursery/Preschool
63,Can You Imagine- Weston,"1410 Logan Ave.
Winnpeg, Manitoba
R3E 1R9",cyi@mymts.net,(204) 668-4822,"Nursery/Preschool, School Age"
64,Canterbury Park Before and After School Program,"605 Wayota Street
Wpg, Manitoba
R2C 5G2",cpdc@mymts.net,(204) 777-0386,"Nursery/Preschool, School Age"
65,Canterbury Park Day Care Inc.,"875 McMeans Avenue E
Winnipeg, Manitoba
R2C 5C5",cpdc@mymts.net,,"Infant, Nursery/Preschool"
66,Carberry Child Care Cooperative,"240 Main Street
Carberry, Manitoba
R0K 0H0",cccc@bpsd.mb.ca,(204) 834-3690,"Infant, Nursery/Preschool, School Age"
67,Care and Share Children's Centre Inc.,"22 Strauss Drive
Winnipeg, Manitoba
R3J 3V1",careandsharewpg@shaw.ca,,"Infant, Nursery/Preschool"
68,Care-A-Lot Nursery Inc.,"829 Watt Street
Winnipeg, Manitoba
R2K 2T3",cyi@mymts.net,(204) 669-0436,Nursery/Preschool
69,Caring & Crayons Inc.,"128 Main Street
Oakburn, Manitoba
R0J 1L0",caringcrayonsinc@gmail.com,,Nursery/Preschool
70,Carpathia Children's Centre Inc.,"1777 Grant Avenue
Winnipeg, Manitoba
R3N 0M9",cccinc@carpathiachildrenscentre.ca,,"Nursery/Preschool, School Age"
71,Carter Early Learning Centre Inc.,"465B Stafford Street
Winnipeg, Manitoba
R3M 2E2",carterelc.waitlist@gmail.com,,Nursery/Preschool
72,Cartwright and District Early Learning Center,"555 Bond Street
Cartwright, Manitoba
R0K 0L0",cartwrightanddistrictelc@outlook.com,,"Infant, Nursery/Preschool"
73,Casa Montessori & Orff School Fennel,"80 Fennel Street
Winnipeg, Manitoba
R3T 3M4",admin@montessoriandorff.ca,(204) 475-8063,"Infant, Nursery/Preschool"
74,Casa Montessori & Orff School Inc.,"1055 Wilkes Avenue
Wpg, Manitoba
R3P 2L7",admin@montessoriandorff.ca,(204) 487-6167,Nursery/Preschool
75,Central Park Child Care Inc.,"101-461 Cumberland Avenue
Winnipeg, Manitoba
R3B 3G3",centralparkchildcare@outlook.com,(204) 942-4454,"Nursery/Preschool, School Age"
76,Centre D'apprentissage et de garde d'enfants de Saint-Boniface,"205 Rue Despins
Winnipeg, Manitoba
R2H 2E9",caryn@unespacepourgrandir.ca,(204) 233-7677,"Infant, Nursery/Preschool"
77,Centre D'Enfants Saint Claude Children's Centre Inc.,"28 P.R. 240 South
St. Claude, Manitoba
R0G 1Z0",,(204) 379-2908,"Infant, Nursery/Preschool"
78,Centre Soleil Inc.,"81 Quail Ridge Chemin
Winnipeg, Manitoba
R2Y 2A9",centresoleilwpg@gmail.com,,"Nursery/Preschool, School Age"
79,Chabad Torah Tots,"1845 Mathers Avenue
Winnipeg, Manitoba
R2V 3K2",torahtots@chabadwinnipeg.org,(204) 339-8737,Nursery/Preschool
80,Champlain Community Child Care Centre Inc.,"119-275 Church Avenue
Winnipeg, Manitoba
R2W 1B7",champlainchildcare@shaw.ca,(204) 586-8883,"Infant, Nursery/Preschool, School Age"
81,Chancellor Before and After School Program,"1520 Chancellor Drive
Winnipeg, Manitoba
R3T 4P8",ashleigh.maryk@ymanitoba.ca,,"Nursery/Preschool, School Age"
82,Chapman Day Care Inc.,"450 Laxdal Avenue
Winnipeg, Manitoba
R3R 0W4",chapmandc@mymts.net,,"Nursery/Preschool, School Age"
83,Charlie Brown Day Care Centre Incorporated,"611 5th Avenue E
Ste. Rose Du Lac, Manitoba
R0L 1S0",charliebrowndaycare@hotmail.com,(204) 447-2766,"Infant, Nursery/Preschool, School Age"
84,Children at the Centre,"60 Pearl Street
Winnipeg, Manitoba
R3E 1X2",rdgiesbrecht@exchange.hsc.mb.ca,,"Infant, Nursery/Preschool"
85,Children For the Future,"1413 Main Street
Swan River, Manitoba
R0L 1Z0",headstart@elbertchartrandfc.com,,Nursery/Preschool
86,Children Of The Universe Learning Center Inc.,"1-116 Central Avenue
Ste. Anne, Manitoba
R5G 1G6",cotuchildcare@gmail.com,,"Nursery/Preschool, School Age"
87,Children's Den Inc.,"535 B Park Street
Brandon, Manitoba
R7A 6M6",deninc@mymts.net,,"Infant, Nursery/Preschool"
88,Children's House,"150 Pacific Avenue
Winnipeg, Manitoba
R3B 3K8",childrenshousewinnipeg@gmail.com,,Nursery/Preschool
89,Children's Place Co-operative Inc.,"17 Burrows Road
Pinawa, Manitoba
R0E 1L0",cpci@mts.net,,"Infant, Nursery/Preschool"
90,Children's Place Co-operative Inc. (School Age Site),"33 Massey Avenue
Pinawa, Manitoba
R0E 1L0",cpci@mymts.net,,"Nursery/Preschool, School Age"
91,Churchill Children's Centre,"162 Laverendrye Avenue
Churchill, Manitoba
R0B 0E0",cneepin@wrha-ch.ca,,"Infant, Nursery/Preschool, School Age"
92,Clearwater & District Nursery School Inc.,"PO Box 38
Clearwater, Manitoba
R0K 0M0",hd57stone@hotmail.com,,Nursery/Preschool
93,Concordia Child Care Centre,"CP 108-1000 Molson Avenue
Winnipeg, Manitoba
R2K 4L5",lallen4@concordiahospital.mb.ca,,"Infant, Nursery/Preschool"
94,Cornish Child Care Centre,"25 Furby Street
Winnipeg, Manitoba
R3C 2A2",corccc@mymts.net,(204) 775-2736,"Infant, Nursery/Preschool"
95,Country Kids Learning Centre,"991B PTH 26 Highway
St. Francois Xavier, Manitoba
R4L 1A4",cherylcklc@outlook.com,(204) 864-3089,"Infant, Nursery/Preschool"
96,Created 4 Me-Nursery School,"32-3950 Raleigh Street
East St. Paul, Manitoba
R2C 3T7",director@created4me.ca,(204) 415-5437,Nursery/Preschool
97,Created 4 Me-Preschool,"264A Hoddinott Road
East St. Paul, Manitoba
R2E 0H7",director@created4me.ca,(204) 661-2458,"Infant, Nursery/Preschool"
98,Crestview Park Day Nursery Incorporated,"37 Voyageur Avenue
Winnipeg, Manitoba
R2Y 0H7",cpdn@crestviewpark.ca,(204) 837-6022,"Infant, Nursery/Preschool"
99,Crestview School Children's Centre Inc.,"333 Morgan Crescent
Winnipeg, Manitoba
R2Y 0C9",renee@crestviewscc.ca,,"Nursery/Preschool, School Age"
100,Crystal City Community Daycare,"240 Crystal Avenue
Crystal City, Manitoba
R0K 0N0",crystalcitydaycare@gmail.com,,"Infant, Nursery/Preschool"
101,Cuddles Infant Centre,"141 Arlington Street
Winnipeg, Manitoba
R3C 1Y3",harmomy@shaw.ca,(204) 775-3889,Infant
102,Daily Discoveries Inc.,"106 Burrows Avenue
Gilbert Plains, Manitoba
R0L 0X0",dailydiscoveries2274@gmail.com,(204) 548-2274,"Infant, Nursery/Preschool, School Age"
103,Dakota Nursery School,"1188 Dakota Street
Winnipeg, Manitoba
R2N 3H4",dakotanurseryschool@dakotacc.com,,Nursery/Preschool
104,Dalhousie Day Care Inc.,"262 Dalhousie Drive
Winnipeg, Manitoba
R3T 2Z1",dalhoudc@outlook.com,,"Nursery/Preschool, School Age"
105,Dante Day Nursery Inc.,"358 Cockburn Street N
Winnipeg, Manitoba
R3M 2P5",dantekid@mts.net,,"Infant, Nursery/Preschool"
106,Dauphin Mini Franglais Preschool Corporation,"312 Sandy Street
Dauphin, Manitoba
R7N 0K9",minifranglais@live.com,,Nursery/Preschool
107,Dauphin School Age Day Care Inc.,"1516 Bond Street
Dauphin, Manitoba
R7N 0K4",dsadcinc@hotmail.com,,"Nursery/Preschool, School Age"
108,Dauphin Ukrainian Nursery School and Smith Jackson Kids Club,"701 1st Street SE
Dauphin, Manitoba
R7N 3L4",sadochok@mvsd.ca,(204) 638-0892,"Nursery/Preschool, School Age"
109,David Livingstone School Age Program,"270 Flora avenue
Winnipeg, Manitoba
R2W 2P9",cyoungmanidooed@shaw.ca,,"Nursery/Preschool, School Age"
110,Dawn and Dusk Before and After School Program Inc,"1020 Louelda Street
Winnipeg, Manitoba
R2K 3Z4",deborah.dawndusk@gmail.com,,"Nursery/Preschool, School Age"
111,Day Nursery Centre Inc. - Crossways,"103-222 Furby Street
Winnipeg, Manitoba
R3C 2A7",dncsec@mts.net,(204) 775-6513,"Infant, Nursery/Preschool"
112,Day Nursery Centre Inc. - Ellice,"557 Ellice Avenue
Winnipeg, Manitoba
R3B 3C6",dnckenn@mymts.net,(204) 957-0167,"Infant, Nursery/Preschool"
113,Day Nursery Centre Inc. - Gretta Brown,"336 flora Avenue
Winnipeg, Manitoba
R3C 2A7",dncsec@mymts.net,(204) 586-3763,"Infant, Nursery/Preschool"
114,Day Nursery Centre Inc. – Kid Gloves,"555 Logan Avenue
Winnipeg, Manitoba
R3A 0S4",,(204) 786-6128,Nursery/Preschool
115,Day Nursery Centre Inc. - Young St.,"101-195 Young Street
Winnipeg, Manitoba
R3C 3S8",dnckenn@mymts.net,(204) 942-6022,"Infant, Nursery/Preschool"
116,Deep Roots Early Learners,"535 Park Street
Brandon, Manitoba
R7A 6M6",deeproots2018@gmail.com,,Nursery/Preschool
117,Discovery Children's Centre Inc.,"Rm1-12-367 Hampton Street
Winnipeg, Manitoba
R3J 1P7",dcc@discoverycc.com,,"Infant, Nursery/Preschool, School Age"
118,Down to Earth Children's Centre,"300 Carpathia Road
Winnipeg, Manitoba
R3N 1T3",ctcfinc@gmail.com,,"Nursery/Preschool, School Age"
119,Downtown YM-YWCA Creative Play,"301 Vaughan Street
Winnipeg, Manitoba
R3B 2N7",karen.howgate@ymanitoba.ca,,Nursery/Preschool
120,Dreaming Big Preschool,"440 Richmond Avenue
Brandon, Manitoba
R7A 6E9",heathboyce@gmail.com,,Nursery/Preschool
121,Dugald Day Care Inc.,"544 Holland Street
Dugald, Manitoba
R0E 0K0",ddaycare@mymts.net,,"Infant, Nursery/Preschool, School Age"
122,Dugald Daycare at Ecole Dugald,"795 Jaffray Street
Dugald, Manitoba
R0E 0K0",ddaycare@mymts.net,,"Infant, Nursery/Preschool"
123,Eagle Wing Early Education Centre,"99 Euclid Avenue
Winnipeg, Manitoba
R2W 2W5",director@eaglewing.ca,,"Infant, Nursery/Preschool, School Age"
124,Eaglets Daycare Co-op Inc,"1 School Road
Eriksdale, Manitoba
R0C 0W0",eagletsdaycare@hotmail.com,(204) 739-5566,"Infant, Nursery/Preschool, School Age"
125,Earl Grey Children's Centre Inc.,"340 Cockburn Street N
Winnipeg, Manitoba
R3M 2P5",earlg@mts.net,,"Nursery/Preschool, School Age"
126,Early Learning and Child Care Thompson Inc.,"55 UCN Drive
Thompson, Manitoba
R8N 1L7",elccth@gmail.com,,"Infant, Nursery/Preschool"
127,East Transcona Before and After Program Inc.,"500 Redonda Street
Winnipeg, Manitoba
R2C 3T7",etba@shaw.ca,(204) 221-1639,"Nursery/Preschool, School Age"
128,Eastern Star Preschool,"525 Cathcart Street
Winnipeg, Manitoba
R3R 0S6",easternstarps@pmccc.ca,,Nursery/Preschool
129,Ecole Centrale School Age Center Inc.,"604 Day Street
Winnipeg, Manitoba
R2C 1B6",ECSCHOOLAGE@GMAIL.COM,,"Nursery/Preschool, School Age"
130,Ecole Crane Before and After School Program,"888 Crane Avenue
Winnipeg, Manitoba
R3T 1T9",ashleigh.maryk@ymanitoba.ca,,"Nursery/Preschool, School Age"
131,Ecole Guyot Pre-Kindergarten Inc.,"400 Willowlake Drive
Winnipeg, Manitoba
R2J 3K2",ecoleguyotprek@gmail.com,,Nursery/Preschool
132,Ecole Varennes Before and After School Program,"22 Varennes Avenue
Winnipeg, Manitoba
R2M 0N1",heather.seniuk@ymanitoba.ca,,"Nursery/Preschool, School Age"
133,Elie Mini-Fran Inc.,"14 Main Street
Elie, Manitoba
R0H 0H0",prairieskychild@outlook.com,,"Nursery/Preschool, School Age"
134,Elkhorn Early Learning Centre,"112 Wexford Street
Elkhorn, Manitoba
R0M 0N0",eelcdirector@gmail.com,,"Infant, Nursery/Preschool"
135,Elkhorn Tiny Tots Inc.,"112 Tralee Street
Elkhorn, Manitoba
R0M 0N0",elkhorntinytotsboard@gmail.com,,Nursery/Preschool
136,Elm Creek Early Childhood Centre,"194 Gordon Avenue
Elm Creek, Manitoba
R0G 0N0",ecstaynplay@gmail.com,,"Infant, Nursery/Preschool"
137,Elmwood Day Nursery Inc.,"75 Brazier Avenue
Winnipeg, Manitoba
R2K 1N6",,(204) 668-7944,Nursery/Preschool
138,Emerson Kinder College,"25 1st Street
Emerson, Manitoba
R0A 0L0",emersonkindercollege@mymts.net,(204) 373-2921,"Infant, Nursery/Preschool"
139,EMU School Age Centre Inc.,"25 Regina Place
Winnipeg, Manitoba
R2C 0S5",emusac@mymts.net,,"Nursery/Preschool, School Age"
140,Epiphany Children's Centre Inc.,"196 Dalhousie Drive
Winnipeg, Manitoba
R3T 2Z1",ecci2@mts.net,,"Nursery/Preschool, School Age"
141,ESRSS Daycare Inc.,"1015 2nd Street S
Swan River, Manitoba
R0L 1Z0",esrssdaycare@outlook.com,(204) 734-6133,"Infant, Nursery/Preschool, School Age"
142,Etoiles d'la Rouge Inc.,"113 2nd Avenue
St. Jean-Baptiste, Manitoba
R0G 2B0",etoilesdlarouge30@gmail.com,(204) 758-3625,"Infant, Nursery/Preschool, School Age"
143,Explore and Discover Early Learning Centre Inc.,"251 Edgeland Boulevard
Winnipeg, Manitoba
R3P 0R2",,(204) 488-1284,"Infant, Nursery/Preschool"
144,Explore and Discover Early Learning Centre Inc. - School Age,"2300 Corydon Avenue
Winnipeg, Manitoba
R3P 0N6",admin@explorediscover.ca,,"Nursery/Preschool, School Age"
145,Explorer's Children's Centre Inc.,"1466 William Avenue W
Winnipeg, Manitoba
R3E 1A5",cexplorers@shaw.ca,(204) 774-9264,"Infant, Nursery/Preschool, School Age"
146,Fairlane Children's Centre Incorporated,"369 Fairlane Avenue
Winnipeg, Manitoba
R2Y 0B6",fcci@mymts.net,(204) 889-0855,"Infant, Nursery/Preschool"
147,Faith Children's Centre,"1311 Dakota Street
Winnipeg, Manitoba
R2N 1V8",faithcc1@mts.net,,"Nursery/Preschool, School Age"
148,Festival Early Learning and Child Care Cenre Inc- Main Site,"280 Caron Road
R.M. of Headingly, Manitoba
R2H 1B4",director@festivalelcc.com,(204) 889-5572,"Infant, Nursery/Preschool, School Age"
149,Festival Early Learning and Child Care Centre - Morgan Site,"305 Morgan Crescent
Winnipeg, Manitoba
R2Y 0C9",director@festivalelcc.com,,"Nursery/Preschool, School Age"
150,Fisher Branch Care-A-Lot For Tots Inc.,"Lot 43 Main Street
Fisher Branch, Manitoba
R0C 0Z0",carealot@mymts.net,,"Infant, Nursery/Preschool"
151,"Flin Flon Kiddie Korner Day Care, Inc","9 Terrace Avenue
Flin Flon, Manitoba
R8A 1N1",admin@kkdaycare.ca,,Nursery/Preschool
152,Fort Garry Child Care Centre Co-op Inc.,"1555 Pembina Highway
Winnipeg, Manitoba
R3T 2E5",childcare@fgcccc.ca,,Nursery/Preschool
153,Fort Garry Oakenwald School Age Program,"666 Oakenwald Avenue
Winnipeg, Manitoba
R3T 1M4",childcare@fgcccc.ca,,"Nursery/Preschool, School Age"
154,Fort Rouge Child Care,"290 Lilac Street
Winnipeg, Manitoba
R3M 2T5",frccinc@shawbiz.ca,,"Nursery/Preschool, School Age"
155,Fort Rouge Child Care Program Board Inc.,"525 Wardlaw Avenue
Winnipeg, Manitoba
R3L 0L9",frccinc@shawbiz.ca,,"Nursery/Preschool, School Age"
156,Fort Rouge Co-op Day Nursery Inc.,"513 Stradbrook Avenue
Winnipeg, Manitoba
R3L 0K2",susan@frcdn.ca,,"Infant, Nursery/Preschool"
157,Freight House Early Learning & Care Inc. Logan Site,"560 Logan Avenue
winnipeg, Manitoba
R3A 0J3",fhelc@shawbiz.ca,,"Infant, Nursery/Preschool"
158,Freight House Early Learning and Care Inc. Dufferin Site,"545 Alexander Avenue
Winnipeg, Manitoba
R3A 1A1",fhelc@shawbiz.ca,,"Nursery/Preschool, School Age"
159,Freight House Early Learning and Care Inc. Ross Site,"505 Ross Avenue
Winnipeg, Manitoba
R3A 1P5",fhelc@shawbiz.ca,,"Infant, Nursery/Preschool"
160,Freight House Early Learning and Care Inc.Infant and IRCOM Site,"470 Pacific Avenue
Winnipeg, Manitoba
R3A 1R5",fhelc@shawbiz.ca,,"Infant, Nursery/Preschool"
161,Friendly Folk Nursery Co-op Inc.,"301 River Road
Arborg, Manitoba
R0C 0A0",,(204) 376-2996,Nursery/Preschool
162,Frontenac Before and After School Program,"866 Autumnwood Drive
Wpg., Manitoba
R2J 1C1",heather.seniuk@ymanitoba.ca,,"Nursery/Preschool, School Age"
163,Funshine Early Learning Centre Inc.,"211 Oxford Street W
Virden, Manitoba
R0M 2C0",funshine1@funshineearlylearning.ca,,"Nursery/Preschool, School Age"
164,Funshine Early Learning Centre Inc.,"211 Oxford Street W
Virden, Manitoba
R0M 2C0",funshine1@funshineearlylearning.ca,,"Infant, Nursery/Preschool"
165,Funshine II Early Learning Centre Inc.,"125 10th Avenue S
Virden, Manitoba
R0M 2C0",funshine2@funshineearlylearning.ca,,"Infant, Nursery/Preschool"
166,Fuzzy Bears Inc.,"10 Knowlton Drive
Brandon, Manitoba
R7A 6N7",fuzzybi@mymts.net,,"Infant, Nursery/Preschool"
167,Garden Grove Child Care Program Inc.,"2340 Burrows Avenue
Winnipeg, Manitoba
R2R 1W1",jodi@gardengrovechildcare.ca,(204) 632-9987,"Nursery/Preschool, School Age"
168,Garden Grove Child Care Program Inc. Preschool Site,"2370 Burrows Avenue
Winnipeg, Manitoba
R2R 1W1",jodi@gardengrovechildcare.ca,,"Infant, Nursery/Preschool"
169,Garderie de Bambins Co-op Inc.,"46 Benoit Avenue
St.Malo, Manitoba
R0A 1T0",garderiestmalo@gmail.com,(1204) 347-5691,"Infant, Nursery/Preschool, School Age"
170,Garderie Ile des Chênes Daycare Inc.,"1 Rivard Street
Ile des Chênes, Manitoba
R0A 0T0",garderieidcdaycare@gmail.com,(204) 878-2762,"Infant, Nursery/Preschool, School Age"
171,Garderie Les Petits Amis Day Care Inc.,"88 Arena Road
Ste. Anne, Manitoba
R5H 1G6",garderie@mymts.net,(204) 422-8933,"Infant, Nursery/Preschool, School Age"
172,Garderie Les Petits Genies Corporation,"570 rue Des Meurons
Winnipeg, Manitoba
R2H 2P8",info@petitsgenies.ca,,"Infant, Nursery/Preschool"
173,General Vanier Children's Center Inc.,"18 Lomond Boulevard
Winnipeg, Manitoba
R2J 1Y2",daycaregv@gmail.com,,"Nursery/Preschool, School Age"
174,General Vanier Nursery School Inc.,"18 Lomond Boulevard
Winnipeg, Manitoba
R2J 1Y2",generalvaniernursery@gmail.com,(204) 253-2559,Nursery/Preschool
175,Gillam Preschool and Child Centre,"500 Mattonnabee Avenue
Gillam, Manitoba
R0B 0L0",cckids@mymts.net,,"Infant, Nursery/Preschool, School Age"
176,Gillis Play and Learn Centre Inc.,"3 Pierson Drive
Tyndall, Manitoba
R0E 2B0",gplc@mymts.net,,"Infant, Nursery/Preschool, School Age"
177,Gimli Children's Centre Inc.,"63 3rd Avenue
Gimli, Manitoba
R0C 1B0",gcckids@mymts.net,(204) 642-7465,"Infant, Nursery/Preschool, School Age"
178,Glenboro Children's Learning Centre Inc.,"221 Cochrane Street
Glenboro, Manitoba
R0K 0X0",gclci2760@gmail.com,,"Infant, Nursery/Preschool, School Age"
179,Good News Daycare Inc.,"PTH 205/216 South
Grunthal, Manitoba
R0A 0R0",goodnewsdaycare@gmail.com,(204) 434-6829,"Infant, Nursery/Preschool, School Age"
180,Governor Semple Children's Place,"150 Hartford Avenue
Winnipeg, Manitoba
R2V 0V6",smdcdirectors@gmail.com,,"Nursery/Preschool, School Age"
181,Grandview Tiny Treasures Children's Centre Inc.,"525 Main Street
Grandview, Manitoba
R0L 0Y0",tiny_treasures@hotmail.com,,"Infant, Nursery/Preschool, School Age"
182,Grass Roots Early Learning and Child Care,"289 Thompson Drive
Thompson, Manitoba
R8N 0C3",kaochild@mymts.net,,"Nursery/Preschool, School Age"
183,Greendell Tiny Tots Nursery School,"75 Woodlawn Avenue
Winnipeg, Manitoba
R2M 2P3",greendelltinytots@gmail.com,,Nursery/Preschool
184,Growing Minds Child Care Centre Inc.,"111 Second Avenue S
Niverville, Manitoba
R0A 1E0",office@growingmindscc.ca,(204) 388-6113,"Infant, Nursery/Preschool"
185,Growing Minds Child Care Centre Inc-NHS,"401 Centre Street
Niverville, Manitoba
R0A 0A1",office@growingmindscc.ca,(204) 388-4879,"Infant, Nursery/Preschool"
186,Grunthal Christian Preschool,"SE-21-5-5E
Grunthal, Manitoba
R0A 0R0",grunthalchristianpreschool@gmail.com,(204) 434-6829,Nursery/Preschool
187,Hand in Hand Daycare East,"659 Quarry Road
East Selkirk, Manitoba
R0E 0M0",hihdc@mts.net,,"Infant, Nursery/Preschool, School Age"
188,Hand in Hand Daycare Inc.,"1147 Breezy Point Road
Selkirk, Manitoba
R1A 2A7",hihdc@mymts.net,,"Infant, Nursery/Preschool"
189,Happiness Is.... Inc.,"282 Niverville Avenue
Winnipeg, Manitoba
R2H 3G2",cheryl.ehappy@outlook.com,,Nursery/Preschool
190,"Happiness Is....Inc., Ecole Howden Before and Afterschool Program","150 Howden Road
Winnipeg, Manitoba
R2J 1L3",hihowden@outlook.com,(204) 797-2491,"Nursery/Preschool, School Age"
191,Happiness Is...Inc Before and Afterschool Program (Provencher),"320 ave de la Cathedrale avenue
Wpg, Manitoba
R2H 0J4",hiprovencher@outlook.com,(204) 797-3793,"Nursery/Preschool, School Age"
192,Happy Face Children's Centre,"416 5th Street
Winnipegosis, Manitoba
R0L 2G0",happyfcc@mymts.net,(204) 656-4474,"Infant, Nursery/Preschool"
193,Happy Feet Early learning (Summer program),"357 Elmdale Street
Steinbach, Manitoba
R0G 0G7",Happyfeetelc@shaw.ca,(204) 320-9459,School Age
194,Happy Feet Early Learning Centre Inc.,"466 Reimer Avenue E
Steinbach, Manitoba
R5G 0G7",happyfeetelc@shaw.ca,(204) 326-1866,"Infant, Nursery/Preschool"
195,Happy Rock Children's Centre Inc.,"78 Morris avenue S
Gladstone, Manitoba
R0J 0T0",happyrockcc@hotmail.com,(204) 385-3046,"Infant, Nursery/Preschool"
196,Happy Time Nursery Co-op Inc.,"900 James Avenue
Beausejour, Manitoba
R0E 0C0",happynur@mymts.net,,Nursery/Preschool
197,Harmony Day Care Centre,"375 Assiniboine Avenue
Winnipeg, Manitoba
R3C 0Y3",harmomy@shaw.ca,(204) 956-2340,Nursery/Preschool
198,Harrow Co-operative Children's Centre Inc.,"550 Harrow Street
Winnipeg, Manitoba
R3M 3A2",Harrowdaycare@mymts.net,,"Nursery/Preschool, School Age"
199,Harrow Co-operative Children's Centre Inc. Infant & Preschool,"611 Guelph Street
Winnipeg, Manitoba
R3M 2B6",harrowdaycare@mymts.net,,"Infant, Nursery/Preschool"
200,Harstone Children's Centre,"905 Sargent Avenue
Wpg, Manitoba
R3E 0C9",harcc@shaw.ca,,"Nursery/Preschool, School Age"
201,Harstone Children's Centre - Alverstone Unit,"875 Alverstone Street
Winnipeg, Manitoba
R3E 2H4",harcc@shaw.ca,,Nursery/Preschool
202,Harstone Children's Centre - Clifton Location,"1070 Clifton Street
Winnipeg, Manitoba
R3E 2T7",harcc@shaw.ca,,"Nursery/Preschool, School Age"
203,Harstone Children's Centre - Minto,"687 Minto Street
Winnipeg, Manitoba
R3G 2R3",harcc@shaw.ca,,Nursery/Preschool
204,Harstone Children's Centre Dominion location,"948 Sargent Avenue
Winnipeg, Manitoba
R3E 0C9",harcc@shaw.ca,,"Infant, Nursery/Preschool"
205,Harstone Children's Centre/Principal Sparling School,"1150 Sherburn Street
Winnipeg, Manitoba
R3E 2N4",harcc@shaw.ca,,"Nursery/Preschool, School Age"
206,Hartney Enrichment Programs Inc.,"415 Centennial Street
Hartney, Manitoba
R0M 0X0",hartneyenrichmentprograms@outlook.com,,"Infant, Nursery/Preschool"
207,Hartney Preschool Enrichment Program,"209 Airdrie Street
Hartney, Manitoba
R0M 0X0",hartneyenrichmentprograms@outlook.com,,Nursery/Preschool
208,Here We Grow Nursery School,"1620 Braecrest Drive
Brandon, Manitoba
R7C 0B3",herewegrownurseryschool@outlook.com,,Nursery/Preschool
209,Heritage Park Children's Programs Inc.,"47 Heritage Boulevard
Winnipeg, Manitoba
R2Y 0N9",hpcpexecutivedirector@shaw.ca,,"Infant, Nursery/Preschool, School Age"
210,Heritage Park Children's Programs Inc. Jameswood Site,"1 Braintree Crescent
Winnipeg, Manitoba
R3J 1C7",hpcpexecutivedirector@shaw.ca,,"Infant, Nursery/Preschool"
211,Highbury Early Learning & Child Care,"99 Highbury Road
Winnipeg, Manitoba
R2N 2N5",kara.kreutzer@ymanitoba.ca,,"Infant, Nursery/Preschool, School Age"
212,Hive Site,"580 1st Street
Morden, Manitoba
R6M 1R5",srichards.pvccc@outlook.com,(204) 822-3233,"Infant, Nursery/Preschool"
213,Holland Child Care Centre,"101 Thompson Street
Holland, Manitoba
R0G 0X0",hcccdirector@hotmail.ca,,"Infant, Nursery/Preschool"
214,Horizon's Access,"280 Booth Drive
Winnipeg, Manitoba
r3j 3r7",,(204) 831-9732,"Infant, Nursery/Preschool"
215,Horizons Children's Centre,"367 Hampton Street
Winnipeg, Manitoba
R3J 1P7",hampton@horizonscc.ca,,"Infant, Nursery/Preschool"
216,Horizons Children's Centre Inc. /Grace,"408 Booth Drive
Winnipeg, Manitoba
r3j 3r7",,(204) 837-0729,"Infant, Nursery/Preschool"
217,Huron Child Care Inc.,"1120 McPhillips Street
Winnipeg, Manitoba
R2X 2L3",Huron.childcare@shawcable.com,,"Infant, Nursery/Preschool, School Age"
218,Immaculate Heart of Mary School Lubov Nursery School,"35 Marcie Street
Winnipeg, Manitoba
R2G 3S4",director@lubovnurseryschool.com,,Nursery/Preschool
219,Inkster Community Child Care Inc.,"633 Inkster Boulevard
Winnipeg, Manitoba
R2W 0L3",info@inkstercommunitychildcare.com,(204) 582-1755,"Nursery/Preschool, School Age"
220,Inspired by Wonder Inc. - School site,"550 Robertson Street
Winnipeg, Manitoba
R2X 2C4",pfurman@inspiredbywonder.ca,,"Nursery/Preschool, School Age"
221,Inspired by Wonder Inc. - SSCY site,"1155 Notre Dame Avenue
Winnipeg, Manitoba
R3E 3G1",pfurman@inspiredbywonder.ca,,"Infant, Nursery/Preschool"
222,J. A. Cuddy Child Care Centre Inc.,"5 Main Street
Sanford, Manitoba
R0G 2J0",jacuddy@mymts.net,,"Infant, Nursery/Preschool, School Age"
223,James Child Care - 2nd site,"3 Marshall Crescent
Winnipeg, Manitoba
R3T 4C3",jamescc@mymts.net,,Nursery/Preschool
224,James Child Care Inc.,"1226 Waller Avenue
Winnipeg, Manitoba
R3T 1P6",jamescc@mymts.net,,"Nursery/Preschool, School Age"
225,James Nisbet Nursery School Inc.,"70 Doubleday Drive
Winnipeg, Manitoba
R2P 0P4",nisbetns@mymts.net,(204) 953-1193,Nursery/Preschool
226,K.E.E.P. Child Care Inc.,"795 Selkirk Avenue
Winnipeg, Manitoba
R2W 2N5",795keep@gmail.com,,"Nursery/Preschool, School Age"
227,K.I.D.S. Inc. - Sir William Osler,"1600 Grant Avenue
Winnipeg, Manitoba
R3M 0M5",karenohlson@kidsincorporated.ca,,"Nursery/Preschool, School Age"
228,K.I.D.S. Inc. South Pointe,"615 Kirkbridge Drive
Winnipeg, Manitoba
R3Y 0N1",karenohlson@kidsincorporated.ca,,"Infant, Nursery/Preschool, School Age"
229,K.I.D.S. Kids in day care are super Inc.,"691 Montrose Street
Winnipeg, Manitoba
R3M 3M4",karenohlson@kidsincorporated.ca,,"Nursery/Preschool, School Age"
230,Ka Ni Kanichihk Daycare,"455 McDermot Avenue
Winnipeg, Manitoba
R3A 0B5",daycare@kanikanichihk.ca,,"Infant, Nursery/Preschool"
231,Ka-Ka-Kwe-Ke-Je-Ong Day Care Centre Inc.,"261 Arena Road
Ebb & Flow, Manitoba
R0L 0R0",enfdaycare@hotmail.com,(204) 448-2133,"Infant, Nursery/Preschool"
232,Kanawenimawasowin Child Care Centre Inc.,"490 7th Street E
The Pas, Manitoba
R9A 1M7",kcidaycare@gmail.com,,"Infant, Nursery/Preschool"
233,Keewatinowi Awasisak Opi-Ki-Wak,"494 Princeton Drive
Thompson, Manitoba
R8N 1A5",kaochild@mymts.net,,"Infant, Nursery/Preschool"
234,Kiddie Corner Early Learning Centre Inc.,"711 Mountain Avenue
KILLARNEY, Manitoba
R0K 1G0",kiddiekorner@mymts.net,(204) 523-8940,"Infant, Nursery/Preschool"
235,Kiddie Sunshine Centre Inc.,"54 Centre Avenue W
Altona, Manitoba
R0G 0B2",kscdirector19@gmail.com,(204) 324-5369,"Infant, Nursery/Preschool, School Age"
236,Kiddies Northern Preschool Inc.,"101 Beaver Crescent
Thompson, Manitoba
R8N 1C5",kiddies@mymts.net,(204) 778-7739,"Nursery/Preschool, School Age"
237,KidFit 60,"1295 Salter Street
Winnipeg, Manitoba
R2V 3T2",kidfit60jr@gmail.com,(431) 570-0037,Nursery/Preschool
238,Kidi-Garden Day Nurseries Inc.,"172 Smithfield Avenue
Winnipeg, Manitoba
R2V 0C2",kidigrdn@mts.net,(204) 338-3193,"Nursery/Preschool, School Age"
239,Kids & Company Fort St.,"158 Fort Street
Winnipeg, Manitoba
R3C 1C9",winnipeg@kidsandcompany.com,,"Infant, Nursery/Preschool"
240,Kids Centre Co-op Inc.,"113-25 Regina Place
Winnipeg, Manitoba
R2C 0S5",kidscentrecoop@outlook.com,(204) 224-1181,Nursery/Preschool
241,Kids First Early Learning Centre Inc.,"400 PR 366
Inglis, Manitoba
R0J 0X0",kidsfirst@live.ca,,"Infant, Nursery/Preschool"
242,Kids on the Corner,"162 Railroad Avenue W
Morris, Manitoba
R0G 1K0",bnkoc2019@outlook.com,,"Nursery/Preschool, School Age"
243,Kidsplace Nursery School Co-op Inc.,"245 Sutton Avenue
Winnipeg, Manitoba
R2G 0T1",kidsplacemssherry@gmail.com,(204) 661-1325,Nursery/Preschool
244,Kidz Korner Infant Childcare Inc.,"3708 Roblin Boulevard
Winnipeg, Manitoba
R3R 0E2",gmidc@mts.net,,"Infant, Nursery/Preschool"
245,Killarney Nursery School Inc.,"rm. 53-417 King Avenue
Killarney, Manitoba
R0K 1G0",susan.totsoflove@gmail.com,(204) 523-1566,Nursery/Preschool
246,Kinder Korner Early Learning Centre - Middle School,"1 Brighton Lane
Steinbach, Manitoba
R5A 1C2",kkmiddleschool@mymts.net,,"Infant, Nursery/Preschool, School Age"
247,Kinder Korner Early Learning Centre - SR,"190 McKenzie Avenue
Steinbach, Manitoba
R5G 0P1",kksr@mymts.net,(204) 326-9976,"Infant, Nursery/Preschool"
248,Kinder Korner Early Learning Centre Inc.,"307 Hanover Street
Steinbach, Manitoba
R5G 0G1",kinko@mymts.net,,"Infant, Nursery/Preschool"
249,KinderWorld Day Care Inc.,"1511 Gateway Road
Winnipeg, Manitoba
R2G 3L4",kinderw2@mymts.net,,"Infant, Nursery/Preschool, School Age"
250,Kings Park Day Care Centre Inc.,"230 Dalhousie Drive
Winnipeg, Manitoba
R3T 2Z1",office@kingsparkchildcare.org,,"Infant, Nursery/Preschool, School Age"
251,Kirkfield-Westwood Nursery School,"165 Sansome Avenue
Winnipeg, Manitoba
R3K 0N8",kirkfieldwestwoodnurseryschool@gmail.com,(204) 889-2392,Nursery/Preschool
252,Knox Day Nursery,"406 Edmonton Street
Winnipeg, Manitoba
R3B 2M2",knoxday@mts.net,,"Infant, Nursery/Preschool"
253,Kokum's Early Enrichment Program,"836 Lorne Avenue
Brandon, Manitoba
R7A 0T8",bfckeep@mymts.net,(204) 728-9041,"Infant, Nursery/Preschool"
254,Kokum's Early Enrichment Program - 2,"Unit B-1129 3rd Street
Brandon, Manitoba
R7A 3E7",bfckeep@mymts.net,(204) 727-4210,"Infant, Nursery/Preschool"
255,Kookum's Place Infant Centre,"134 1/2 Higgins Avenue
Winnipeg, Manitoba
R3B 0B7",tnault@abcentre.org,(204) 949-0753,"Infant, Nursery/Preschool"
256,Kookum's Place Preschool Centre,"100-181 Higgins Avenue
Winnipeg, Manitoba
R3B 3G1",Kookums.Preschool@abcentre.org,(204) 989-6246,Nursery/Preschool
257,La Garderie Arc-en-Ciel Inc.,"123 Rogers Rue
Notre Dame De Lourdes, Manitoba
R0G 1M0",arcenciel2315@gmail.com,,"Infant, Nursery/Preschool, School Age"
258,La Salle Kids Inc - Beaudry Site,"41 Beaudry Rue
La Salle, Manitoba
R0G 0A1",lasallekidz@gmail.com,,"Infant, Nursery/Preschool"
259,La Salle KIDZ Inc.,"90 PR 247 East
La Salle, Manitoba
R0G 0A1",lasallekidz@gmail.com,,"Infant, Nursery/Preschool"
260,La Salle Nursery School Inc.,"43 Beaudry Street
La Salle, Manitoba
R0G 1B0",lasallenursery@gmail.com,(204) 250-9333,Nursery/Preschool
261,Lac du Bonnet Children's Centre Inc.,"285 Mcarthur Avenue
Lac Du Bonnet, Manitoba
R0E 1A0",ldbcc@mymts.net,,"Infant, Nursery/Preschool, School Age"
262,Lakeview Children's Centre,"407 Main Street
Langruth, Manitoba
R0H 0N0",,(204) 445-2360,"Infant, Nursery/Preschool"
263,Lakewood Children's Centre Inc.,"55 Kay Crescent
Winnipeg, Manitoba
R2Y 1L1",executivedirector@lakewoodcc.ca,,"Infant, Nursery/Preschool, School Age"
264,Landmark Child Care Inc,"177 Second Street E
Landmark, Manitoba
R0A 0X0",landmarkchildcareinc@gmail.com,,"Nursery/Preschool, School Age"
265,Landmark Preschool Inc.,"27093 MB ProvHwy 210
Landmark, Manitoba
R0A 0X0",thelandmarkpreschool@gmail.com,,Nursery/Preschool
266,Laugh 'N' Learn Early Learning Centre,"555 Paufeld Drive
Winnipeg, Manitoba
R2G 2S4",lnl1@mymts.net,,"Infant, Nursery/Preschool"
267,Laugh 'N' Learn School Age Centre Inc.,"400 Donwood Drive
Winnipeg, Manitoba
R2G 0X4",lnl1@mymts.net,,"Nursery/Preschool, School Age"
268,Laura Secord Community Child Care,"980 Palmerston Avenue
Winnipeg, Manitoba
R3G 1J9",lscccinc@mts.net,,"Nursery/Preschool, School Age"
269,Laurier Play Zone,"159 Fosberry Street
Laurier, Manitoba
R0J 1A0",cfanpcc@mymts.net,,"Infant, Nursery/Preschool"
270,Le Coin Magique Inc,"310 Pembina Trail
Ste. Agathe, Manitoba
R0G 1Y0",lcmgarderie@gmail.com,,"Infant, Nursery/Preschool, School Age"
271,Le P'tit Bonheur Inc. (Tache),"300 rue Aubert
Winnipeg, Manitoba
R2H 2B6",bureau@leptitbonheurinc.com,,"Infant, Nursery/Preschool, School Age"
272,Le P'tit Paradis,"32 Barberry chemin
Winnipeg, Manitoba
R2J 2G9",famillepetitparadis@gmail.com,(204) 254-4180,"Infant, Nursery/Preschool"
273,Learning and Growing Day Care Inc.,"3659 Roblin Boulevard
Winnipeg, Manitoba
R3R 0E1",cathy@lgdaycare.ca,,"Infant, Nursery/Preschool"
274,Learning Tree Day Nursery,"7-1575 Regent Avenue W
Winnipeg, Manitoba
R2C 3B3",learningtree10@gmail.com,,Nursery/Preschool
275,Legacy Children's Centre,"333 Main Street
Landmark, Manitoba
R0A 0X0",legacychildrenscentre@gmail.com,,Nursery/Preschool
276,Leila Day Care Centre Inc.,"2095 Sinclair Avenue
Winnipeg, Manitoba
R2V 3K2",leiladci@mymts.net,(204) 338-9301,"Infant, Nursery/Preschool, School Age"
277,Les Amis de La Source,"T-102 Saint Barbara Avenue
Shilo, Manitoba
R0K 2A0",amislasource@hotmail.com,,"Infant, Nursery/Preschool, School Age"
278,Les Boutons d'Or Inc.,"310 A Lamoureux Chemin
Ile Des Chenes, Manitoba
R0A 0T1",boutonsdor@live.com,,"Nursery/Preschool, School Age"
279,Les Cheminots,"851 Panet chemin
Winnipeg, Manitoba
R2K 4C9",lescheminots@lafpfm.ca,,"Nursery/Preschool, School Age"
280,Les Chouettes de Lorette Inc.,"361 Senez Street
Lorette, Manitoba
R0A 0Y0",chouettes08@gmail.com,,"Infant, Nursery/Preschool, School Age"
281,Les Enfants Precieux Inc.,"209 rue Kenny
Winnipeg, Manitoba
R2H 2E5",,(204) 235-0039,"Infant, Nursery/Preschool, School Age"
282,Les Franco-Lions de Lacerte Inc.,"12-1101 Autumnwood Promenade
Winnipeg, Manitoba
R2J 1C8",francolions@outlook.com,,"Nursery/Preschool, School Age"
283,Les Louveteaux,"271 Chemin Weir Rue
Thompson, Manitoba
R8N 1P1",garderielpmn@gmail.com,,"Infant, Nursery/Preschool"
284,Les Petites Grenouilles,"377 Sabourin Rue
St. Pierre Jolys, Manitoba
R0A 1V0",cenpg@mymts.net,,"Infant, Nursery/Preschool, School Age"
285,Les Petits Dores Incorporee,"446 Veterans Memorial Road
St. Laurent, Manitoba
R0C 2S0",premat@live.ca,(204) 646-4125,"Infant, Nursery/Preschool, School Age"
286,Les Petits Génies à Lorette,"8-1321 Dawson Road
Lorette, Manitoba
R0A 0Y0",info@petitsgenies.ca,,Nursery/Preschool
287,Les P'tits Brisous Inc.,"29 Normandeau Bay
LaBroquerie, Manitoba
R0A 0W0",,(204) 424-5155,"Infant, Nursery/Preschool, School Age"
288,Les P'tits Loups,"14 Caron Bay
Saint Georges, Manitoba
R0E 1V0",garderiestgeorges@outlook.com,(204) 367-1683,Nursery/Preschool
289,Les Toupies Inc.,"45 ave de la Digue
Winnipeg, Manitoba
R3V 1M7",lestoupiesdg@outlook.com,,"Infant, Nursery/Preschool, School Age"
290,Les Tournesols de St.Vital Inc.,"425 chemin John Forsyth
Winnipeg, Manitoba
R2N 4J3",direction@ltsv.ca,,"Infant, Nursery/Preschool, School Age"
291,Li Chi Shevru,"12 Allarie Street
St. Eustache, Manitoba
R0H 0Y0",lichishevru@mmf.mb.ca,,"Infant, Nursery/Preschool"
292,Lil' Eagles Nursery School Inc.,"15 Collegiate Drive
Ethelbert, Manitoba
R0L 0T0",lileaglesnursery@outlook.com,,Nursery/Preschool
293,L'il Wheels Day Care,"300-234 Donald Street N
Winnipeg, Manitoba
R3C 1M8",admin@provempdaycare.com,(204) 945-8023,"Infant, Nursery/Preschool"
294,Linden Meadows Child Care,"335 Lindenwood Drive E
Winnipeg, Manitoba
R3P 2H1",lindenmeadowscc@gmail.com,,"Nursery/Preschool, School Age"
295,Linden's Kid's Klub Inc.,"32 Willowdale Crescent
Brandon, Manitoba
R7B 2X3",,(204) 728-1749,"Nursery/Preschool, School Age"
296,Lindenwoods Child Care Centre Inc.,"1 Princemere Road
Winnipeg, Manitoba
R3P 1K9",sharon@lwccc.ca,(204) 489-7056,"Infant, Nursery/Preschool, School Age"
297,Linwood Child Centre Inc.,"266 Linwood Street
Winnipeg, Manitoba
R3J 2C6",linchild@mymts.net,,"Infant, Nursery/Preschool, School Age"
298,Little Bloomers' Learning Patch Inc.,"242 Russell Street
Binscarth, Manitoba
R0J 0G0",binscarthdaycare@gmail.com,,"Infant, Nursery/Preschool"
299,Little Bloomers' Learning Patch Inc.-Nursery/School Age Program,"242 Russell Street
Binscarth, Manitoba
R0J 0G0",binscarthdaycare@gmail.com,,"Nursery/Preschool, School Age"
300,Little Bo-Peep Early Learning Centre Inc.,"906 Cottonwood Road
Winnipeg, Manitoba
R2J 1G2",littlebo@mts.net,(204) 256-0694,"Infant, Nursery/Preschool"
301,Little Day Buddies Co-op Inc.,"40 Park Avenue
Lac Du Bonnet, Manitoba
R0E 1A0",littledaybuddies@outlook.com,,Nursery/Preschool
302,Little Dipper Montessori Nursery School/Collicutt Before & After School Program,"75 Cottingham Street
Winnipeg, Manitoba
R2V 3B5",,(204) 694-4443,"Nursery/Preschool, School Age"
303,Little Feet Child Care 2 Ltd. Nursery / Kindergarten,"1370 Grosvenor Avenue
Winnipeg, Manitoba
R3M 0P2",debbilee4@hotmail.com,,Nursery/Preschool
304,Little Feet Child Care Before and After School Program,"315 Oak Street
Winnipeg, Manitoba
R3M 3P8",Debbilee4@hotmail.com,,"Nursery/Preschool, School Age"
305,Little Footprints Montessori Inc.,"1727 Henderson Highway
Winnipeg, Manitoba
R2G 1P3",lfpmontessori@gmail.com,,Nursery/Preschool
306,Little Hands Early Learning Centre,"34 Main Street
Erickson, Manitoba
R0J 0P0",directorlittlehands@gmail.com,,"Infant, Nursery/Preschool"
307,Little Lambs Christian Preschool Inc.,"500 Lagimodiere Blvd
Winnipeg, Manitoba
R2J 4J1",llcp@mymts.net,,Nursery/Preschool
308,Little Minnow Day Care Inc.,"Lot 11 Grand Rapids Drive
Grand Rapids, Manitoba
R0C 1E0",littleminnowdaycare@hotmail.com,,"Infant, Nursery/Preschool"
309,Little People's Place Inc.,"906 Cottonwood Road
Winnipeg, Manitoba
R2J 1G2",caroljlppi@shaw.ca,,"Infant, Nursery/Preschool, School Age"
310,Little Pirates Children's Centre,"117 Richmond avenue N
Plumas, Manitoba
R0J 1P0",plumaschildcare@outlook.com,,"Infant, Nursery/Preschool"
311,Little Saints Learning Center,"15 St. Mark's Place
Winnipeg, Manitoba
R2M 0S3",lslc@mymts.net,,"Infant, Nursery/Preschool"
312,Little Saints Learning Center (site 2),"5 St. Vital Road
Winnipeg, Manitoba
R2M 1Z7",lslc@mymts.net,,"Infant, Nursery/Preschool"
313,Little Skippers Kinder Program,"1144 Kingsford Place
Winnipeg, Manitoba
R2G 4E9",ashley.massner@ymanitoba.ca,(204) 294-1083,Nursery/Preschool
314,Little Sprouts,"Unit B-690 Elizabeth Road
Winnipeg, Manitoba
R2J 1A4",admin@makingroots.ca,,"Infant, Nursery/Preschool"
315,Little Stars PLAYhouse,"681 Selkirk Avenue
Winnipeg, Manitoba
R2W 2N4",cherisse@littlestarsplayhouse.ca,(204) 582-1597,"Infant, Nursery/Preschool"
316,Little Steps Creative Centre Incorporated,"455 D'auteuil Drive
Ile Des Chenes, Manitoba
R0A 0T0",littlestepscreative@gmail.com,(204) 878-3663,Nursery/Preschool
317,Little Steps Head Start Family Program,"210 1st Avenue NE
Dauphin, Manitoba
R7N 1A7",dfcheadstart@mymts.net,,Nursery/Preschool
318,Little Voyageurs Learning Centre - Site 4,"619 DesMeurons Street
Winnipeg, Manitoba
R2H 2R1",,(431) 887-8612,"Infant, Nursery/Preschool"
319,Little Voyageurs Learning Centre Inc. (Site 1),"320 ave de la Cathedrale avenue
Winnipeg, Manitoba
R2H 0J4",,(204) 233-4442,"Nursery/Preschool, School Age"
320,Little Voyageurs Learning Centre Inc. Prince Edward School Site,"649 Brazier Street
Winnipeg, Manitoba
R2K 2N4",,(431) 338-6365,"Nursery/Preschool, School Age"
321,Little Wings Preschool Co-Op. Inc.,"23 Vincent Avenue
Pine Falls, Manitoba
R0E 1M0",littlewingspreschool1@gmail.com,(204) 367-2296,Nursery/Preschool
322,Living Prairie Childcare Inc.,"215 des Hivernants Boulevard
Winnipeg, Manitoba
R3X 0M1",livingprairiechildcare@gmail.com,,"Infant, Nursery/Preschool"
323,Lord Roberts Preschool Child Care,"725 Kylemore Avenue
Wpg, Manitoba
R3L 1B8",april@lordroberts.org,,"Infant, Nursery/Preschool"
324,Lord Roberts School Age Program,"665 Beresford Avenue
Wpg, Manitoba
R3L 1J9",april@lordroberts.org,,"Nursery/Preschool, School Age"
325,Lord Wolseley Nursery School Incorporated,"11-939 Henderson Highway
Winnipeg, Manitoba
R2K 2M2",lwns-liz@outlook.com,,Nursery/Preschool
326,Lovin 'N' Learnin Day Care Inc.,"45 Willowlake Crescent
Winnipeg, Manitoba
R2J 2Z4",lovnlearndaycare@gmail.com,,Nursery/Preschool
327,Lundar Day Care Inc.,"36 1st Street S
Lundar, Manitoba
R0C 1Y0",brae@mymts.net,,"Infant, Nursery/Preschool"
328,Ma Mawi Wi Chi Itata Centre Inc. - Child Development Centre,"J - 330 Blake Street
Winnipeg, Manitoba
R3E 2Z4",childdevelopmentcentre@hotmail.com,(204) 925-0304,Infant
329,MacGregor Day Nursery School Inc.,"151 Fox Street
Macgregor, Manitoba
R0H 0R0",macgregornurseryschool@hotmail.com,,Nursery/Preschool
330,"Machray Day Nursery Inc, School Age","460 Andrews Street
Winnipeg, Manitoba
R2W 4Y1",machray@shaw.ca,,"Nursery/Preschool, School Age"
331,Machray Day Nursery Inc.,"491 Salter Street
Winnipeg, Manitoba
R2W 4M4",machray@shaw.ca,,"Infant, Nursery/Preschool"
332,Machray Day Nursery Machray School Site,"140-320 Mountain Avenue
Winnipeg, Manitoba
R2W 1K1",machray@shaw.ca,,"Nursery/Preschool, School Age"
333,Magical Horizons,"135 6th Avenue SW
Dauphin, Manitoba
R7N 1W1",dmhdc@mts.net,,"Infant, Nursery/Preschool"
334,Magical Memories Learning Centre Inc.,"911 26th Street
Brandon, Manitoba
R7B 2B7",mmlc@wcgwave.ca,,"Infant, Nursery/Preschool"
335,Making Roots Montessori Centre Inc.,"660 Elizabeth Road
Winnipeg, Manitoba
R3V 1M3",admin@makingroots.ca,,Nursery/Preschool
336,Makoonsag Intergenerational Children's Centre,"527 Selkirk Avenue
Winnipeg, Manitoba
R2W 2M6",makoonsagicci@shaw.ca,(204) 415-5328,"Infant, Nursery/Preschool"
337,Ma-Mow-We-Tak Mini Muks Daycare,"23 Beaver Crescent
Thompson, Manitoba
R8N 0R6",daycarecoordinator@mamowwetak.mb.ca,(204) 677-0335,"Infant, Nursery/Preschool"
338,Manidoo Gi Miini Gonaan/R.B. Russell Infant Centre Inc.,"364 Dufferin Avenue
Winnipeg, Manitoba
R2W 2Y3",cyoungmanidooed@shaw.ca,,Infant
339,Manitou Community Daycare,"516 Souris Avenue
Manitou, Manitoba
R0G 1G0",srichards.pvccc@outlook.com,(204) 242-3484,"Infant, Nursery/Preschool"
340,Maples Day Care Amber Trails,"1575 Templeton Avenue
Winnipeg, Manitoba
R2P 2T5",maplesdaycare.director@gmail.com,(204) 697-1828,"Infant, Nursery/Preschool, School Age"
341,Maples DayCare Inc.,"27 Anglia Avenue
Winnipeg, Manitoba
R2P 2R1",maplesdaycare.director@gmail.com,(204) 633-2508,"Infant, Nursery/Preschool"
342,Marigold Preschool Centre Inc.,"27 8th Street W
The Pas, Manitoba
R9A 1L2",marigoldpreschool@mymts.net,(204) 623-6006,"Nursery/Preschool, School Age"
343,Mary Kardash Child Care Centre Inc.,"111 Polson Avenue
Winnipeg, Manitoba
R2W 0M5",mkccc@mts.net,,"Nursery/Preschool, School Age"
344,McLeod Nursery Incorporated,"530 Mcleod Avenue
Winnipeg, Manitoba
R2K 0B5",mcleodnurseryschool@hotmail.com,,Nursery/Preschool
345,Meadows West Kids Kare Inc.,"166 Garton Avenue
Winnipeg, Manitoba
R2R 2R7",mwkk@mts.net,(204) 694-0253,"Infant, Nursery/Preschool, School Age"
346,Melita Early Learning Centre Inc.,"125 North Street
Melita, Manitoba
R0M 1L0",melitaelc@shmb.ca,,"Infant, Nursery/Preschool"
347,Melita Nursery Cooperative Inc.,"125 North Street
Melita, Manitoba
R0M 1L0",melitanursery@gmail.com,,Nursery/Preschool
348,Mennonite Brethren Children's Centre Inc.,"1315 Gateway Road
Winnipeg, Manitoba
R2G 1G5",mbcc1315@mymts.net,,Nursery/Preschool
349,MFRC Child Care Centre,"630 Wihuri Road
Winnipeg, Manitoba
R3J 3Y5",brigitte.peters@winnipegmfrc.ca,,"Infant, Nursery/Preschool, School Age"
350,Miami Children's Facility Inc.,"405 Oak Avenue
Miami, Manitoba
R0G 1H0",miamicf@hotmail.com,,"Infant, Nursery/Preschool"
351,Michif Children's Place Day Care,"525 Main Street S
Dauphin, Manitoba
R7N 1L3",mcp@mmf.mb.ca,,"Infant, Nursery/Preschool"
352,Mighty Minds Montessori,"Unit 8-2835 Pembina Highway
Winnipeg, Manitoba
R3T 4Z8",mighty.minds@outlook.com,,Nursery/Preschool
353,Mini Mustang Corral,"111 Wright Street
Minto, Manitoba
R0K 1M0",mintonurseryschool@wcgwave.ca,,"Infant, Nursery/Preschool"
354,Miniota Discoveries Learning Center Corporation,"304 Sarah Avenue
Miniota, Manitoba
R0M 1M0",miniotadlc@gmail.com,,"Infant, Nursery/Preschool"
355,Mini-Skool & Montessori Academy,"870 Scotland Avenue
Winnipeg, Manitoba
R3M 1X8",ab@kiddiekampus.ca,,"Infant, Nursery/Preschool, School Age"
356,Minnedosa Community Child Care Cooperative,"49 2nd Avenue NW
Minnedosa, Manitoba
R0J 1E0",minnedosachildcare@wcgwave.ca,,"Infant, Nursery/Preschool"
357,Minnedosa Nursery School/School-Age Program,"90 Armitage Avenue
Minnedosa, Manitoba
R0J 1E0",minnedosachildcare@wcgwave.ca,,"Nursery/Preschool, School Age"
358,Minto Nursery School/School Age Program,"319 South Railway Street W
Minto, Manitoba
R0K 1M0",minimustangcorral@mts.net,,"Nursery/Preschool, School Age"
359,Mission Gardens Play Centre Inc.,"95 Bournais Drive
Winnipeg, Manitoba
R2C 3Z2",mgpc@mymts.net,(204) 663-8053,Nursery/Preschool
360,Morden Community Child Care Centre,"5 Rampton Street
Morden, Manitoba
R6M 1V8",srichards.pvccc@outlook.com,(204) 822-6663,"Infant, Nursery/Preschool, School Age"
361,Morning Star Day Care Inc.,"73 11th Street
Birtle, Manitoba
R0M 0C0",mornstardaycare@gmail.com,,"Infant, Nursery/Preschool"
362,Morrow Early Learning & Child Development (Centre 24/7),"533 St. Anne's Road
Winnipeg, Manitoba
R2M 3E8",bonnieash@maccpf.ca,,"Infant, Nursery/Preschool"
363,Morrow Early Learning & Child Development (Dr. D. W. Penner School),"121 Hazelwood Crescent
Winnipeg, Manitoba
R2M 4E4",bonnieash@maccpf.ca,,"Nursery/Preschool, School Age"
364,Morrow Early Learning & Child Development (Glenwood School),"51 Blenheim Street
Winnipeg, Manitoba
R2M 0H9",bonnieash@maccpf.ca,,"Nursery/Preschool, School Age"
365,Morrow Early Learning & Child Development (Hastings School),"50 Hastings Boulevard
Winnipeg, Manitoba
R2M 2E3",bonnieash@maccpf.ca,,"Nursery/Preschool, School Age"
366,Morrow Early Learning & Child Development (Lavallee West),"505 St. Anne's Road
Winnipeg, Manitoba
R2M 3E5",bonnieash@maccpf.ca,,"Nursery/Preschool, School Age"
367,Morrow Early Learning & Child Development (Marie-Anne Gaboury School),"95 Pulberry Street
Winnipeg, Manitoba
R2M 3X5",bonnieash@maccpf.ca,,"Nursery/Preschool, School Age"
368,Morrow Early Learning & Child Development (Rene Deleurme Centre),"511 St. Anne's Road
Wpg, Manitoba
R2M 3E5",bonnieash@maccpf.ca,,"Infant, Nursery/Preschool"
369,Morrow Early Learning & Child Development (Salvation Army),"51 Morrow Avenue
Winnipeg, Manitoba
R2M 1A5",bonnieash@maccpf.ca,,"Infant, Nursery/Preschool"
370,Morrow Early Learning & Child Development (Victor H. L. Wyatt),"485 Meadowood Drive
Winnipeg, Manitoba
R2M 5C1",bonnieash@maccpf.ca,,"Nursery/Preschool, School Age"
371,Munroe Early Childhood Education Centre Inc.,"186-505 Chalmers Avenue
Wpg, Manitoba
R2L 0G4",munroeecec@shaw.ca,,"Nursery/Preschool, School Age"
372,Munroe Early Childhood Education Centre Inc. - School Age - George V,"255 Grey Street
Winnipeg, Manitoba
R2L 1V6",munroesa@shawbiz.ca,,"Nursery/Preschool, School Age"
373,New Beginnings Day Care Inc,"304 East Avenue
Ochre River, Manitoba
R0L 1K0",newbeginningsdaycare1@outlook.com,(204) 733-2592,"Infant, Nursery/Preschool, School Age"
374,Niigaanaki Day Care Centre Inc.,"104B-500 Balmoral Street
Winnipeg, Manitoba
R3B 2P8",niigaanaki@mymts.net,,Nursery/Preschool
375,North Kildonan Little Thinkers Inc.,"71-B Burnett Avenue
Winnipeg, Manitoba
R2G 1C2",,(204) 668-6163,Nursery/Preschool
376,"Northern Tykes Day Care, Inc.","131 Balsam Avenue
Snow Lake, Manitoba
R0B 1M0",northerntykes@hotmail.ca,,"Infant, Nursery/Preschool, School Age"
377,Northland Childcare Centre,"Unit A-139 Northlands Parkway Street E
Winkler, Manitoba
R6W 0E9",director@northland-cc.com,,"Infant, Nursery/Preschool"
378,Nor'West Early Learning & Child Care Centre - Infant Centre,"785 Keewatin Street
Winnipeg, Manitoba
R2X 3B9",tkrulicki@norwestcoop.ca,,Infant
379,Nor'West Early Learning and Child Care Centre,"105 Lucas Avenue
Winnipeg, Manitoba
R2R 2S8",tkrulicki@norwestcoop.ca,,"Infant, Nursery/Preschool, School Age"
380,Norwood French Immersion Preschool Inc.,"Rm 21-320 ave de la Cathedrale avenue
Winnipeg, Manitoba
R2H 0J4",nwfipreschool@gmail.com,,Nursery/Preschool
381,Norwood Nursery School and Day Care Inc.,"87 Walmer Street
Winnipeg, Manitoba
R2H 3H4",norwoodnursery@gmail.com,,"Nursery/Preschool, School Age"
382,Nova Montessori Preschool Inc.,"C-3311 Pembina Highway
Winnipeg, Manitoba
R3V 1T7",novamontessoripreschoolinc@gmail.com,,Nursery/Preschool
383,Nova Montessori Preschool Inc. Chevrier Blvd,"2050 Chevrier Boulevard
Winnipeg, Manitoba
R3Y 0T3",novamontessoripreschoolinc@gmail.com,,Nursery/Preschool
384,nova Montessori Preschool St.Mary's Road,"613 St. Mary's Road
Winnipeg, Manitoba
R2M 3L8",novamontessoripreschool@gmail.com,(204) 599-5669,Nursery/Preschool
385,O.K. Before and After School Child Care Centres Inc. - O.V. Jewitt,"66 Neville Street
Winnipeg, Manitoba
R2P 1W3",info@okbeforeandafter.com,(204) 632-5115,"Nursery/Preschool, School Age"
386,O.K. Before and After School Child Care Centres Inc.-Templeton,"Unit 1-1310 Templeton Avenue
Winnipeg, Manitoba
R2P 0G2",info@okbeforeandafter.com,(204) 632-5115,"Infant, Nursery/Preschool, School Age"
387,Oak Bluff Early Years,"155 Agri Park Road Road
Oak Bluff, Manitoba
R4G 0A5",obeydirector@live.com,,"Nursery/Preschool, School Age"
388,Oak Lake CARE Center Inc,"126 2nd Avenue E
Oak Lake, Manitoba
R0M 1P0",oaklakecarecentre@gmail.com,(204) 855-2712,"Infant, Nursery/Preschool, School Age"
389,Oak Street Nursery School Inc,"255 Oak Street
Winnipeg, Manitoba
R3M 3P7",,(204) 488-1133,Nursery/Preschool
390,Oakbank Kids Korner Co-operative Inc.,"644 Willow Avenue
Oakbank, Manitoba
R0E 1J0",obkk@mymts.net,,"Infant, Nursery/Preschool, School Age"
391,Oakville Tiny Tots Nursery School,"115 2nd Street
Oakville, Manitoba
R0H 0Y0",oakvilletinytots@gmail.com,,Nursery/Preschool
392,On The Move Inc. - JB Mitchell Site,"1720 John Brebeuf Place
Winnipeg, Manitoba
R3N 0M9",Otminc@mts.net,,"Nursery/Preschool, School Age"
393,On The Move Incorporated,"1777 Grant Avenue
Wpg, Manitoba
R3N 0M9",otminc@mts.net,,"Infant, Nursery/Preschool, School Age"
394,Pacific Junction Day Care Incorporated,"715 Cathcart Street
Winnipeg, Manitoba
R3R 3M7",pjdaycre@mymts.net,,"Infant, Nursery/Preschool"
395,Panda Bear Day Care Co-op Inc.,"53 Speers Road
Winnipeg, Manitoba
R2J 1M2",pbdc53@gmail.com,,"Infant, Nursery/Preschool"
396,Paradise Montessori Preschool (Autumnwood),"1061 Autumnwood Drive
Winnipeg, Manitoba
R2J 1C6",,(204) 487-2151,Nursery/Preschool
397,Paradise Montessori Preschool Inc.,"1341 Kenaston Boulevard
Winnipeg, Manitoba
R3P 2P2",lileenamendis@gmail.com,,Nursery/Preschool
398,Parkland Campus Kids Inc.,"520 Whitmore Avenue E
Dauphin, Manitoba
R7N 2V5",pckids@assiniboine.net,,"Infant, Nursery/Preschool"
399,Parkside Children's Centre,"416 2nd Avenue
McCreary, Manitoba
R0J 1B0",,(204) 835-2531,"Infant, Nursery/Preschool"
400,Parkside Children's Centre- Youth Building,"412 2nd Avenue
McCreary, Manitoba
R0J 1B0",,(204) 835-2531,Nursery/Preschool
401,Peek-a-Boo Infant Child Care,"3138 Portage Avenue
Winnipeg, Manitoba
R3K 0W4",peekabooicc@mymts.net,,"Infant, Nursery/Preschool, School Age"
402,Peter Pan Day Nursery Inc.,"165 Kerr Avenue
Dauphin, Manitoba
R7N 3M7",peterpan@wcgwave.ca,(204) 638-8263,"Infant, Nursery/Preschool"
403,Petits Choux Daycare Inc.,"411 3rd Street
Somerset, Manitoba
R0G 2L0",petitschoux@mts.net,(204) 744-2180,"Infant, Nursery/Preschool"
404,Pierson Early Learning Centre Inc.,"#1 School Road
Pierson, Manitoba
R0M 1S0",piersonelc@shmb.ca,(204) 483-6283,"Infant, Nursery/Preschool"
405,Pierson Preschool Inc.,"#1 School Road
Pierson, Manitoba
R0M 1S0",piersonpreschool@gmail.com,,Nursery/Preschool
406,Pine Ridge Childcare Centre,"A-1650 Roblin Boulevard
Winkler, Manitoba
R6W 1G9",director@northland-cc.com,,"Infant, Nursery/Preschool, School Age"
407,Pinkham Day Care Inc.,"765 Pacific Avenue
Wpg, Manitoba
R3E 1G1",dmilberg_@hotmail.com,,"Infant, Nursery/Preschool"
408,Play and Learn Day Nursery Inc.,"Lockport Jr. High School
Lockport, Manitoba
R1A 3H6",lockportplayandlearn@gmail.com,(204) 757-2123,Nursery/Preschool
409,Playstreet Childcare Inc,"112 Beach Road East
Teulon, Manitoba
R0C 3B0",playstreetcc@gmail.com,(204) 886-2203,"Infant, Nursery/Preschool"
410,Playtime Nursery Inc,"Whitemouth School #1 - 55 Second Street
Whitemouth, Manitoba
R0E 2G0",playtimenurseryschool@hotmail.com,,Nursery/Preschool
411,Poplar Avenue Kids Care Inc.,"170 Poplar Avenue
Winnipeg, Manitoba
R2L 2B6",pakcinc@gmail.com,,"Nursery/Preschool, School Age"
412,Portage Day Care Centre Inc.,"36 2nd Street SW
Portage La Prairie, Manitoba
R1N 2A1",portagedaycare@live.ca,,"Infant, Nursery/Preschool"
413,Portage Day Care School Age,"132 Duke Avenue Avenue W
Portage La Prairie, Manitoba
R1N 0S6",portagedaycare@live.ca,,"Infant, Nursery/Preschool, School Age"
414,Portage Ukrainian Nursery School Inc.,"15 Tupper Street S
Portage La Prairie, Manitoba
R1N 1W7",portageukrns@icloud.com,,Nursery/Preschool
415,Prairie Children's Centre Beaumont,"1325 Beaumont Street
Winnipeg, Manitoba
R3T 5E4",,(204) 475-7462,"Infant, Nursery/Preschool"
416,Prairie Children's Centres General Byng,"1250 Beaumont Street
Winnipeg, Manitoba
R3T 0L8",,(204) 475-7469,"Nursery/Preschool, School Age"
417,Prairie Children's Centres Pembina,"285 Pembina Highway
Winnipeg, Manitoba
R3L 2E1",admin@prairiecc.com,(204) 478-8123,"Infant, Nursery/Preschool"
418,Prairie Nature Children's Centre,"600 Hoka Street
Wpg, Manitoba
R2C 2V1",pncc@prairienaturecc.com,,"Nursery/Preschool, School Age"
419,Prairie Sky Child Care Centre,"35 PTH 248 Highway
Elie, Manitoba
R0H 0H0",prairieskychild@outlook.com,,"Infant, Nursery/Preschool"
420,Prairie Soul Children's Centre,"6003 Roblin Boulevard
Winnipeg, Manitoba
R3R 0G8",prairiesoul@mymts.net,,Nursery/Preschool
421,Prairie Sunrise Child Care,"10 Ryerson Avenue
Winnipeg, Manitoba
R3T 3P9",pscc@purplemonkeyccc.ca,,"Nursery/Preschool, School Age"
422,Preschool Enrichment Program,"2227 Brandon Avenue
Brandon, Manitoba
R7A 6C2",pep2227@outlook.com,(204) 727-6650,Nursery/Preschool
423,Provincial Employee Day Care / Osborne,"208 Osborne Street N
Wpg, Manitoba
R3C 1V4",admin@provempdaycare.com,(204) 945-8023,"Infant, Nursery/Preschool"
424,Provincial Employee Day Care / Portage,"1-800 Portage Avenue
Wpg, Manitoba
R3G 0N4",admin@provempdaycare.com,(204) 945-8023,"Infant, Nursery/Preschool"
425,R.B.Russell Infant Centre/Manidoo Gi Minni Gonaan (Lord Selkirk Park),"102-269 Dufferin Avenue
Winnipeg, Manitoba
R2W 2Y3",cyoungmanidooed@shaw.ca,(204) 504-6422,"Infant, Nursery/Preschool, School Age"
426,R.H.S. Child Care Inc.,"255 Oak Street
Winnipeg, Manitoba
R3M 3P7",rhscare@mymts.net,,"Infant, Nursery/Preschool, School Age"
427,R.R.C. Early Childhood Centre Inc.,"A101-2055 Notre Dame Avenue Avenue
Winnipeg, Manitoba
R3H 0J9",shenry37@rrc.ca,,"Infant, Nursery/Preschool"
428,Rady JCC Child Care Centre (Grosvenor),"1710 Grosvenor Avenue
Winnipeg, Manitoba
R3N 0H8",,(204) 615-8555,"Infant, Nursery/Preschool"
429,Rady JCC Childcare,"123 Doncaster Street
Winnipeg, Manitoba
R3N 2B2",,(204) 477-7414,"Infant, Nursery/Preschool, School Age"
430,Rainbow Day Nursery Inc. (Phase 1),"20 Island Shore Blvd.
Winnipeg, Manitoba
R3X 1N6",info@rainbowdaynursery.ca,,"Infant, Nursery/Preschool, School Age"
431,Rainbow Day Nursery Inc. (Phase 2),"445 Island Shore Boulevard
Winnipeg, Manitoba
R3X 2B4",info@rainbowdaynursery.ca,,"Infant, Nursery/Preschool, School Age"
432,Rainbow Day Nursery Inc. (phase 3-B),"100-40 Lakewood Boulevard
Winnipeg, Manitoba
R2J 2M7",info@rainbowdaynursery.ca,,"Nursery/Preschool, School Age"
433,Rainbow Day Nursery Inc. Phase 3,"180-50 Lakewood Boulevard
Winnipeg, Manitoba
R2J 2M7",info@rainbowdaynursery.ca,,"Infant, Nursery/Preschool"
434,Rainbow Day Nursery Inc. Phase 5,"315 Sage Creek Boulevard
Winnipeg, Manitoba
R3X 0G4",info@rainbowdaynursery.ca,,"Infant, Nursery/Preschool, School Age"
435,Rainbow Day Nursery Phase 4,"255 Vermillion Road
Winnipeg, Manitoba
R2J 3Z7",info@rainbowdaynursery.ca,,"Infant, Nursery/Preschool, School Age"
436,Rapid City Nursery School Inc.,"425 3rd Avenue
Rapid City, Manitoba
R0K 1W0",,(204) 826-2732,Nursery/Preschool
437,Razor Back BLAST Inc.,"200 McIvor Avenue
Winnipeg, Manitoba
R2G 0Z8",melanie@razorbackblasts.com,(204) 668-8648,"Nursery/Preschool, School Age"
438,Reston & Area Early Learning Center Inc.,"143 3rd Avenue
Reston, Manitoba
R0M 1X0",director@restonelc.org,,"Infant, Nursery/Preschool"
439,Reston Nursery School Coop Inc.,"Room 7-143 3rd Street
Reston, Manitoba
R0M 1X0",restonnsb@gmail.com,(204) 761-7651,Nursery/Preschool
440,Rhineland Child Care,"120 9th Street NW
Altona, Manitoba
R0G 0B1",kscdirector19@gmail.com,,"Infant, Nursery/Preschool"
441,Rhythm & Glue,"200 Queen Street
Virden, Manitoba
R0M 2C0",lansing@rfnow.com,(204) 851-0056,School Age
442,Richer Day Care Centre Inc.,"43 Dawson Road
Richer, Manitoba
R0E 1S0",richerdaycare@gmail.com,,"Nursery/Preschool, School Age"
443,Richmond Kings Nursery School Inc.,"933 Summerside Avenue
Winnipeg, Manitoba
R3T 4Y1",,(204) 275-6239,Nursery/Preschool
444,Richmond Montessori School,"85 Keslar Road
Winnipeg, Manitoba
R3T 6A5",,(204) 296-6550,Nursery/Preschool
445,Richmond Montessori School Inc,"Unit B -1450 Taylor Ave
Winnipeg, Manitoba
R3N 1Y6",richmondmontessoritaylor@gmail.com,(204) 296-6550,"Infant, Nursery/Preschool"
446,River Avenue Co-operative Day Nursery Inc.,"127 Bell Avenue
Winnipeg, Manitoba
R3L 0C4",radc@mymts.net,(204) 453-7487,"Infant, Nursery/Preschool"
447,River East French Exposure Nursery School Co-op Inc.,"131 Sanford Fleming Road
Winnipeg, Manitoba
R2C 5B8",michelline@refens.com,,Nursery/Preschool
448,River East Montessori School Inc.,"1115 Roch Street
Winnipeg, Manitoba
R2G 1R9",,(204) 306-5666,Nursery/Preschool
449,River East Scholar's Nursery School Incorporated,"323 Emerson Avenue
Winnipeg, Manitoba
R2G 1G3",admin@resns.org,(204) 663-6365,Nursery/Preschool
450,River Heights Child Care,"333 Wilton Street
Winnipeg, Manitoba
R3M 3B7",director@riverheightschildcare.com,,"Infant, Nursery/Preschool"
451,River Road Child Care,"440 River Road
Winnipeg, Manitoba
R2M 3Z9",rrcccoordinator@stamant.ca,(204) 258-7043,"Infant, Nursery/Preschool"
452,River West Park Kids Inc.,"30 Stack Street
Winnipeg, Manitoba
R3R 2C6",rwpkids@gmail.com,,"Nursery/Preschool, School Age"
453,Rivercrest Early Learning and Child Care,"4249 Main Street
West St. Paul, Manitoba
R4A 2A7",st.andrews.childcare.inc@gmail.com,,"Infant, Nursery/Preschool, School Age"
454,Riverdale Early Learning Centre Inc.,"350 Dominion Street
Rivers, Manitoba
R0K 1X0",riverdaleelc@gmail.com,,"Infant, Nursery/Preschool"
455,Rivers Kids Club Inc.,"347 Main Street
Rivers, Manitoba
R0K 1X0",riversnurseryschool@hotmail.ca,,Nursery/Preschool
456,Riverside Day Care,"60 Copper Road
Thompson, Manitoba
R8N 0V6",riversa@mymts.net,(204) 677-9007,"Nursery/Preschool, School Age"
457,Riverton Day Care Cooperative Inc.,"79 Olaf Street
Riverton, Manitoba
R0C 2R0",,(204) 378-2871,"Infant, Nursery/Preschool"
458,Riverview Early Learners Inc,"1105 Louise Avenue E
Brandon, Manitoba
R7A 1Y2",Riverviewearlylearners@gmail.com,,Nursery/Preschool
459,Riverview Montessori,"170 Ashland Avenue
Winnipeg, Manitoba
R3L 1L1",info@riverviewmontessori.ca,,Nursery/Preschool
460,Riverview-Ashland Child Care Centre Inc.,"112 Ashland Avenue
Winnipeg, Manitoba
R3L 1K6",riverash@mymts.net,,"Nursery/Preschool, School Age"
461,Roblin Children's Center Incorporated,"128 3rd Avenue N
Roblin, Manitoba
R0L 1P0",roblinchildrenscenter@hotmail.com,(204) 937-2080,"Infant, Nursery/Preschool"
462,Roblin Nursery and School Age Program,"330 King Street
Roblin, Manitoba
R0L 1P0",9374448@mymts.net,(204) 937-4448,"Nursery/Preschool, School Age"
463,Roblin Park Children's Programs,"640 Pepperloaf Crescent
Winnipeg, Manitoba
R3R 1E7",cp.rpcc@gmail.com,,"Nursery/Preschool, School Age"
464,Roblin Park Day Care Ltd.,"G &amp;amp; E -5905 Roblin Boulevard
Winnipeg, Manitoba
R3R 0G8",rpdc@mymts.net,(204) 895-8791,"Infant, Nursery/Preschool, School Age"
465,Rock Lake Funtown Inc.,"135 Lorne avenue
Pilot Mound, Manitoba
R0G 1P0",rlday@mymts.net,(204) 825-2580,"Infant, Nursery/Preschool"
466,Rockwood Kidsplace,"350 Rockwood Street
Winnipeg, Manitoba
R3M 3C5",richard.lilke@ymanitoba.ca,(204) 953-7318,"Nursery/Preschool, School Age"
467,Roots & Wings Early Learning Centre,"509 Grey Street
Winnipeg, Manitoba
R2K 2Z1",smdcdirectors@gmail.com,,"Nursery/Preschool, School Age"
468,Rossburn Little Cub's Den Early Learning Centre,"170 Victoria Avenue W
Rossburn, Manitoba
R0J 1V0",rossburnearlylearners@gmail.com,,"Infant, Nursery/Preschool"
469,Rossburn Nursery School and School Age,"108 Victoria Avenue
Rossburn, Manitoba
R0J 1V0",lcubs@mymts.net,(204) 859-2138,"Nursery/Preschool, School Age"
470,Royal Kids Inc.,"450 Laxdal Road
Winnipeg, Manitoba
R3R 0W4",royalkids@mymts.net,(204) 837-6955,"Nursery/Preschool, School Age"
471,Rupertsland Day Care Centre Corporation,"107-201 Princess Street
Winnipeg, Manitoba
R3B 3E9",Rupertsland1986@gmail.com,,"Infant, Nursery/Preschool, School Age"
472,Russell's Lots-A-Tots Inc.,"404 Russell Street E
Russell, Manitoba
R0J 1W0",lotsatot@mts.net,(204) 773-2681,"Infant, Nursery/Preschool, School Age"
473,Russell's Lots-A-Tots Inc. 2,"327 Lawrence Street E
Russell, Manitoba
R0J 1W0",,(204) 773-2682,"Infant, Nursery/Preschool"
474,S.P.L.A.S.H. Child Care Inc - Pulford Site,"109 Pulford Street
Winnipeg, Manitoba
R3L 1X8",splash@splashcares.ca,(204) 506-5601,"Infant, Nursery/Preschool"
475,S.P.L.A.S.H. Child Care Inc.,"233 McKenzie Street
Winnipeg, Manitoba
R2W 4Z2",splash@splashcares.ca,,"Nursery/Preschool, School Age"
476,Sadok Veselka Daycare Inc.,"520 Airlies Street
Winnipeg, Manitoba
R2X 2B2",,(204) 582-3129,Nursery/Preschool
477,Saint Boniface Garderie des Bambins Inc.,"240 ave Tache
Winnipeg, Manitoba
R2H 1Z7",garderiebambins@gmail.com,,"Infant, Nursery/Preschool"
478,Seedz' N Sprouts Early Learning Centre,"181 Mountain Avenue
Neepawa, Manitoba
R0J 1H0",seedznsproutselc@gmail.com,(204) 704-7333,"Infant, Nursery/Preschool"
479,Selkirk Day Care Inc.,"#1 Harley Row
Selkirk, Manitoba
R1A 2B2",selkdc@mymts.net,,Nursery/Preschool
480,Selkirk Friendship Centre Daycare,"207 Morris Avenue
Selkirk, Manitoba
R1A 1A9",sfcdcare@mymts.net,(204) 482-8656,Nursery/Preschool
481,Selkirk Friendship Centre Kids First Program/ HELP Program,"300 Sophia Street
Selkirk, Manitoba
R1A 2E2",sfcdcare@mts.net,(204) 482-8656,"Nursery/Preschool, School Age"
482,Selkirk Nursery School Inc.,"236 Clandeboye Avenue
Selkirk, Manitoba
R1A 0X1",,(204) 482-8977,Nursery/Preschool
483,Seven Oaks Child Day Care Centre Inc.,"2300 McPhillips Street
Winnipeg, Manitoba
R2V 3M3",socdcc@sogh.mb.ca,,"Infant, Nursery/Preschool"
484,Seven Oaks Sadok Inc.,"Room 2-25 Morrison Street
Winnipeg, Manitoba
R2V 3B3",cynthia_sadok@live.ca,(204) 995-7614,"Nursery/Preschool, School Age"
485,Shaughnessy Park Daycare Inc.,"1641 Manitoba Avenue
Winnipeg, Manitoba
R2X 0M3",shaughnessydaycare@shaw.ca,(204) 582-5342,"Infant, Nursery/Preschool, School Age"
486,Shepherd's Care Day Nursery Inc.,"1188 Jefferson Avenue
Winnipeg, Manitoba
R2P 0C7",scdn@mymts.net,,Nursery/Preschool
487,Shilo MFRC Daycare,"Bldg-T-114 Notre Dame Avenue
Shilo, Manitoba
R0K 2A0",smfrc.daycare@outlook.com,,"Infant, Nursery/Preschool, School Age"
488,Shilo MFRC Occasional Care,"Bldg-T-114 Notre Dame Avenue
Shilo, Manitoba
R0K 2A0",smfrc.daycare@outlook.com,,"Infant, Nursery/Preschool"
489,Shilo MFRC Pre-Kindergarten,"Bldg-T-114 Notre Dame Avenue
Shilo, Manitoba
R0K 2A0",Smfrc.daycare@outlook.com,,Nursery/Preschool
490,Shoal Lake Kid's Club Inc.(Shoal Lake Nursery School),"101 The Drive
Shoal Lake, Manitoba
R0J 1Z0",slkidsclub@gmail.com,(204) 759-3438,"Infant, Nursery/Preschool, School Age"
491,Short Stop Rec Club Inc.,"751 Crescent Road E
Portage La Prairie, Manitoba
R1N 0N3",shortstoprc@gmail.com,,"Nursery/Preschool, School Age"
492,Sigfusson Nurseries All Day Program,"110 Athlone Drive
Winnipeg, Manitoba
R3J 3K7",,(204) 885-6476,"Nursery/Preschool, School Age"
493,Sigfusson Nurseries Bannatyne In-School,"363 Thompson Drive
Winnipeg, Manitoba
R3J 3K7",,(204) 889-0435,"Nursery/Preschool, School Age"
494,Sister Macnamara Preschool and Infant Daycare Inc.,"460 Sargent Avenue
Winnipeg, Manitoba
R3B 1V5",smdaycare@shaw.ca,(204) 942-8043,"Infant, Nursery/Preschool"
495,Sky's The Limit Montessori School,"3202 Birds Hill Road
Winnipeg, Manitoba
R2E 1H2",skysthelimit@mts.net,,"Infant, Nursery/Preschool"
496,Small Endeavors Inc,"Centennial Street
Swan Lake, Manitoba
R0G 2S0",smallendeavors@live.ca,,"Infant, Nursery/Preschool"
497,Small Wonders Community Nursery School Inc.,"831 Thornhill Street
Morden, Manitoba
R6M 1J8",smallwondersns@gmail.com,(204) 362-3317,Nursery/Preschool
498,Solid Foundations Montessori School Inc.,"500-2476 Wenzel Street
East St. Paul, Manitoba
R2G 1J4",solidfoundationsms@gmail.com,,"Infant, Nursery/Preschool, School Age"
499,Souris Cooperative Day Care Center Inc. (School Age Program/Nursery School),"55 Lansdowne Street N
Souris, Manitoba
R0K 2C0",selc1972@outlook.com,,"Nursery/Preschool, School Age"
500,Souris Co-operative Day Care Centre Inc.,"82 First Street S
Souris, Manitoba
R0K 2C0",,(204) 483-2535,"Infant, Nursery/Preschool"
501,South Park Child Care Co-op Inc.,"194 Burland Avenue
Winnipeg, Manitoba
R2N 2T9",,(204) 254-0340,"Nursery/Preschool, School Age"
502,South Winnipeg Kinderschule Inc.,"1118 Grosvenor Avenue
Winnipeg, Manitoba
R3M 0N8",kinderschule.ca@gmail.com,,Nursery/Preschool
503,Southdale Nursery School Inc.,"Rm 3 -831 Beaverhill Boulevard
Winnipeg, Manitoba
R2J 3K1",Southdalenurserydirector@outlook.com,,Nursery/Preschool
504,Southport Site,"75 Centennaire Drive
Southport, Manitoba
R0H 1N0",portagedaycare@live.ca,,"Infant, Nursery/Preschool"
505,Splash Child Enrichment Centre Inc (McGregor Location),"363 McGregor Street
Winnipeg, Manitoba
R2W 4X4",splash@splashcares.ca,,"Infant, Nursery/Preschool"
506,Spring Meadows School Age Centre Inc.,"95 Bournais Drive
Winnipeg, Manitoba
R2C 3Z2",springmeadows@shaw.ca,(204) 663-9237,"Nursery/Preschool, School Age"
507,Springfield Heights Nursery School Incorporated,"570 Sharron Bay
Winnipeg, Manitoba
R2G 0H9",shnsadina@gmail.com,,Nursery/Preschool
508,Springfield Learning Centres,"35117 PTH 15 Rd 60N
Anola, Manitoba
R0E 0A0",slcinc@mymts.net,,"Infant, Nursery/Preschool"
509,Springfield Learning Centres Incorporated-Anola,"733 Wieser Crescent
Anola, Manitoba
R0E 0A0",slcinc@mymts.net,,"Infant, Nursery/Preschool, School Age"
510,Springfield Tiny Tots Inc.,"#6-530 Main Street
Oakbank, Manitoba
R0E 1J0",,(204) 444-8687,Nursery/Preschool
511,Springs Christian Academy Preschool (SCAP),"595 Lagimodiere Boulevard
Winnipeg, Manitoba
R2J 3X2",sfriesen@springs.ca,,Nursery/Preschool
512,St. Adolphe Nursery School Inc.,"444 La Seine Street
St. Adolphe, Manitoba
R5A 1C2",sansdirector@gmail.com,(204) 883-2575,"Infant, Nursery/Preschool, School Age"
513,St. Andrews Child Care Inc.,"18 St Andrews Road
St Andrews, Manitoba
R1A 2Y1",st.andrews.childcare.inc@gmail.com,,"Infant, Nursery/Preschool"
514,St. Anne's Day Nursery Inc.,"425 St. Anne's Road
Winnipeg, Manitoba
R2M 1S8",leefoon@hotmail.com,,"Infant, Nursery/Preschool, School Age"
515,St. Avila School Age Child Care Progam,"633 Patricia Avenue
Winnipeg, Manitoba
R3T 3A8",sasaccp@gmail.com,,"Nursery/Preschool, School Age"
516,St. Boniface Children's Place d'enfants Inc.,"584 rue Des Meurons Street
Winnipeg, Manitoba
R2H 2P9",sbcp1@shaw.ca,(204) 231-2010,"Nursery/Preschool, School Age"
517,St. Boniface Children's Place d'enfants Inc.(Preschool),"365 Desautels Street
Winnipeg, Manitoba
R2H 0J6",sbcp1@shaw.ca,(204) 233-6366,"Infant, Nursery/Preschool"
518,St. Germain Day Care Centre Incorporated,"79 John Forsyth Road
Winnipeg, Manitoba
R2N 1R3",stgermaindaycarecentre@mymts.net,,"Nursery/Preschool, School Age"
519,St. James Assiniboia Montessori School Inc.,"3180 Mcbey Avenue
Winnipeg, Manitoba
R3K 0T7",stjamesmontessori@gmail.com,,Nursery/Preschool
520,St. James Early Learning Program,"928 Cavelier Avenue
Winnipeg, Manitoba
R2Y 1C8",chickadeecan@hotmail.com,(204) 781-2510,Nursery/Preschool
521,St. James Y Family Child Care,"3550 Portage Avenue
Winnipeg, Manitoba
R3K 0Z8",constance.cava@ymanitoba.ca,(204) 889-8642,"Infant, Nursery/Preschool, School Age"
522,St. Margaret's Montessori School Inc.,"160 Ethelbert Street
Winnipeg, Manitoba
R3G 1V7",info@stmargaretsmontessori.ca,,Nursery/Preschool
523,St. Matthews Kids Korner,"525 Agnes Street
Winnipeg, Manitoba
R3G 1N7",leslie@stmkidskorner.com,,"Nursery/Preschool, School Age"
524,St. Matthews Kids Korner Inc.,"669 St. Matthews Avenue
Winnipeg, Manitoba
R3G 0G9",sitesupervisor669@stmkidskorner.com,,"Infant, Nursery/Preschool"
525,St. Maurice Day Care Inc.,"1619 Pembina Highway
Winnipeg, Manitoba
R3T 3Y6",daycare@stmaurice.mb.ca,(204) 475-4045,"Infant, Nursery/Preschool, School Age"
526,St. Norbert Children's Centre Inc.,"3448 Pembina Highway
Winnipeg, Manitoba
R3V 1A1",,(204) 261-4114,"Infant, Nursery/Preschool, School Age"
527,St. Vital Child Care Co-op Inc.,"15 St. Michael Road
Winnipeg, Manitoba
R2M 2K4",stvdc@mymts.net,,"Nursery/Preschool, School Age"
528,Stanley Knowles Children's Centre Inc.,"27,29-2424 King Edward Street
Winnipeg, Manitoba
R2R 2R2",lhrechkosy@skcc.ca,(204) 694-0855,"Nursery/Preschool, School Age"
529,Stanley Knowles Pre-School Centre Inc.,"112-2424 King Edward Street
Winnipeg, Manitoba
R2R 2R2",stanpre@mymts.net,(204) 694-5121,"Infant, Nursery/Preschool"
530,Starlight Christian Nursery School Inc.,"400 Day Street
Winnipeg, Manitoba
R2C 1B2",scnsdirector@gmail.com,,Nursery/Preschool
531,Stars of Promise Inc.,"114-1100 Concordia Avenue
Winnipeg, Manitoba
R2K 4B8",starsofpromise@yahoo.com,,Nursery/Preschool
532,Starting Blocks Inc.,"510 3rd Street W
Stonewall, Manitoba
R0C 2Z0",startingblocks@mymts.net,(204) 467-5522,"Nursery/Preschool, School Age"
533,Stonewall Children's Centre Inc.,"528 3rd Street W
Stonewall, Manitoba
R0C 2Z0",child12@mts.net,,"Infant, Nursery/Preschool"
534,Stony Mountain Child Care Centre Co-op East,"149 School Road
Stony Mountain, Manitoba
R0C 3A0",smccc@hotmail.ca,,"Infant, Nursery/Preschool"
535,Stony Mountain Child Care Centre Co-op Inc.,"81 School Road
Stony Mountain, Manitoba
R0C 3A0",smccc@hotmail.ca,,Nursery/Preschool
536,Stony Mountain Child Care Centre Co-op Inc. (Before and After School Program),"81 School Road
Stony Mountain, Manitoba
R0C 3A0",smccc@hotmail.ca,,"Nursery/Preschool, School Age"
537,Story Book Day Care Centre Inc.,"131 Sanford Fleming Road
Winnipeg, Manitoba
R2C 5B8",sbdc@storybookdaycare.ca,,"Infant, Nursery/Preschool"
538,Story Book School Age Program,"115 Sanford Fleming Road
Winnipeg, Manitoba
R2C 2Z9",sbdc@storybookdaycare.ca,,"Nursery/Preschool, School Age"
539,Strathmillan Children's Centre Inc.,"339 Strathmillan Road
Winnipeg, Manitoba
R3J 2V6",strathmillan0f@gmail.com,(204) 837-4097,"Nursery/Preschool, School Age"
540,Sugar N' Spice Kiddie Haven - Ecole Riviere Rouge,"55 Swinford Way
Winnipeg, Manitoba
R2V 4X2",sandrar@sugarnspicedaycare.ca,,"Infant, Nursery/Preschool, School Age"
541,Sugar N' Spice Kiddie Haven Inc.,"123 Red River Boulevard W
Winnipeg, Manitoba
R2V 3X9",tracy@sugarnspicedaycare.ca,,"Nursery/Preschool, School Age"
542,Sugar N' Spice Kiddie Haven Inc.W.K.,"101 Ridgecrest Avenue
Winnipeg, Manitoba
R2V 4T6",jennys@sugarnspicedaycare.ca,,"Infant, Nursery/Preschool"
543,SunFlower Early Learning Center Inc.,"275 Main Street
Minitonas, Manitoba
R0L 1G0",sunflowerelc@gmail.com,,"Infant, Nursery/Preschool, School Age"
544,Sunny Mountain Day Care Centre (1985) Inc.,"Unit 4-1965 Main Street
Winnipeg, Manitoba
R2V 1E6",smdcdirectors@gmail.com,,"Infant, Nursery/Preschool, School Age"
545,Sunnyside Child Care Centre Inc.,"530 Dieppe Road
Winnipeg, Manitoba
R3R 1C4",sunnysidechildcare@mts.net,,"Nursery/Preschool, School Age"
546,Sunrise Sunset ChildCare Inc,"795 Prince Rupert Avenue
Winnipeg, Manitoba
R2K 1W6",sunrisesunsetchildcare@shaw.ca,(204) 415-2866,"Nursery/Preschool, School Age"
547,Swan River Day Care Centre Inc.,"439 Westwood Road
Swan River, Manitoba
R0L 1Z0",srdc@mymts.net,,"Infant, Nursery/Preschool, School Age"
548,Swan River Kinsmen Nursery School,"1421 3rd Street S
Swan River, Manitoba
R0L 1Z0",swanrivernursery@outlook.com,(204) 734-9566,Nursery/Preschool
549,T.L.C.,"110 Saskatchewan Avenue W
Portage La Prairie, Manitoba
R1N 0M1",portagedaycare@live.ca,(204) 857-6304,"Infant, Nursery/Preschool"
550,T2 Thompson Toddlers' Day Care Inc.,"3 Broadway Street
Thompson, Manitoba
R8N 1Z5",t2ttdc@mymts.net,,"Infant, Nursery/Preschool"
551,Tache Community Day Care Inc.,"480 Senez Rue
Lorette, Manitoba
R5K 1A8",tachedaycare@gmail.com,,"Infant, Nursery/Preschool"
552,Taking Care!,"276 Colony Street
Winnipeg, Manitoba
R3C 1W3",jmiddaugh@takingcharge.org,(204) 925-1692,"Infant, Nursery/Preschool"
553,Teekinakan Day Care,"509 Station Road
Thompson, Manitoba
R8N 1N2",teekdc@mts.net,(204) 778-8866,"Infant, Nursery/Preschool"
554,Teulon Day Care Inc,"50 B 8 Avenue SE
Teulon, Manitoba
R0C 3B0",teulondc@mymts.net,,"Infant, Nursery/Preschool"
555,The Carpenter's Montessori School Inc.,"300-400 Fort Whyte Way
Oak Bluff, Manitoba
R4G 0B1",carpmonte@gmail.com,,"Infant, Nursery/Preschool"
556,The Frere Jacques Nursery School Inc.,"475 Senez Street
Lorette, Manitoba
R0A 0Y0",frerejacquesnurseryschool@gmail.com,,Nursery/Preschool
557,The Happy Tots Place Inc.,"5A Walnut Street
Pine Falls, Manitoba
R0E 1M0",happytot@mymts.net,(204) 367-2601,"Infant, Nursery/Preschool"
558,The Little Years School Inc.,"20 Donnelly Street
Winnipeg, Manitoba
R3T 0S4",littleyearsschool@yahoo.ca,(204) 489-0303,Nursery/Preschool
559,"The Pas Preschool Activity Centre, Inc.","120 Stewart Street
The Pas, Manitoba
R9A 0W3",thepaspreschool@gmail.com,(204) 623-7700,Nursery/Preschool
560,The Prep Montessori Daycare,"Unit D-3525 Roblin Boulevard
Winnipeg, Manitoba
R3R 0C6",info@theprepmontessori.ca,(204) 832-9037,"Infant, Nursery/Preschool"
561,The Prep Montessori Infant Daycare,"3521 Roblin Boulevard
Winnipeg, Manitoba
R3R 0C6",info@theprepmontessori.ca,,Infant
562,Thompson Children's World,"5-436 Thompson Drive
Thompson, Manitoba
R8N 0C6",TCWDAYCARE1086@outlook.com,(204) 677-3583,"Infant, Nursery/Preschool"
563,Thrive Child Care,"100-475 Sargent Street
Winnipeg, Manitoba
R3B 1V7",karenbryce@thrivewpg.com,,"Infant, Nursery/Preschool"
564,Tiger Hills Community Resource Centre,"226 Andrews Avenue
Treherne, Manitoba
R0G 2V0",thcrc05@gmail.com,(204) 723-2702,"Infant, Nursery/Preschool"
565,Time 2 Play Early Learning Centre,"881 Autumnwood Drive
Winnipeg, Manitoba
R2J 1C2",time2play-elc@outlook.com,,Nursery/Preschool
566,Tinker Bell Nursery School Incorporated,"1516 Bond Street
Dauphin, Manitoba
R7N 0K4",tinkerbellnurseryschool@hotmail.com,(204) 638-5668,Nursery/Preschool
567,Tiny Turtle Playroom Inc.,"775 Rae Street
Boissevain, Manitoba
R0K 0E0",ttplayroomelcc@gmail.com,,"Infant, Nursery/Preschool, School Age"
568,TLC Centre Inc.,"245 1st Street NW
Carman, Manitoba
R0G 0J0",tlccarmaninc@gmail.com,(204) 745-1948,"Infant, Nursery/Preschool"
569,Tots of Love Early Learning Center Inc.,"305 Broadway Avenue
Killarney, Manitoba
R0K 1G0",susan.totsoflove@gmail.com,(204) 554-8687,"Infant, Nursery/Preschool"
570,Transcona Jaycees Day Care Centre,"1800 Winona Street
Winnipeg, Manitoba
R2C 2R2",tjdcc@mymts.net,,"Nursery/Preschool, School Age"
571,U.W.S.A. Day Care Centre,"548 Furby Place
Winnipeg, Manitoba
R3B 2T4",i.berdnikova@theuwsa.ca,(204) 786-9898,"Infant, Nursery/Preschool"
572,Universal Day Care Centre Inc.,"20 Donnelly Street
Winnipeg, Manitoba
R3T 0S4",executivedirector@myudc.net,,"Infant, Nursery/Preschool"
573,Univillage Preschool and Infant Centre Inc.,"100-99 Dalhousie Drive
Winnipeg, Manitoba
R3T 2M2",univill@shaw.ca,(2049) 953-2240,"Infant, Nursery/Preschool"
574,Uptown Day Care Inc.,"60 3rd Street W
The Pas, Manitoba
R9A 1R6",uptowndc@mymts.net,(204) 623-7912,Nursery/Preschool
575,Valley Gardens N.A.S.P.,"218 Antrim Road
Winnipeg, Manitoba
R2K 3L2",goodkids@mymts.net,(204) 669-6932,"Nursery/Preschool, School Age"
576,Valley Gardens Play School Inc.,"18 C-166 Antrim Road
Winnipeg, Manitoba
R2K 3L2",play_school@shaw.ca,,Nursery/Preschool
577,Van Belleghem French Immersion Pre-School Co-op Inc.,"14-10 Vermillion Road
Wpg, Manitoba
R2J 2T1",Vanbfipreschool@gmail.com,(431) 278-3898,Nursery/Preschool
578,Varsity View Nursery School,"315 Laxdal Road
Winnipeg, Manitoba
R3R 0W3",vvnursery@mymts.net,,Nursery/Preschool
579,Victor Mager Lunch & After School Program Inc.,"81 Beliveau Road
Winnipeg, Manitoba
R2M 1S6",,(204) 256-3800,"Nursery/Preschool, School Age"
580,Victor Play Centre,"766 Victor Street
Winnipeg, Manitoba
R3E 1Y6",vpcinc@mymts.net,(204) 775-0946,"Nursery/Preschool, School Age"
581,Victoria Albert Day Care Inc.,"110 Ellen Street
Winnipeg, Manitoba
R3A 1A1",director@vadc.ca,(204) 943-8576,Nursery/Preschool
582,Victoria Albert Day Care Inc. (Bannatyne),"483 Bannatyne Avenue
Winnipeg, Manitoba
R3A 0G2",director@vadc.ca,(204) 943-8576,"Nursery/Preschool, School Age"
583,Victoria Day Care Centre,"2227 Brandon Avenue
Brandon, Manitoba
R7B 0S9",vdcc@mts.net,(204) 728-9845,Nursery/Preschool
584,Victory Before & After School Program,"395 Jefferson Avenue
Winnipeg, Manitoba
R2V 0Z6",kidigrdn@mts.net,(204) 338-3193,"Nursery/Preschool, School Age"
585,Village Child Care (Meadowood Drive),"515-525 Meadowood Drive
Winnipeg, Manitoba
R2M 5C1",vcci@mymts.net,,"Infant, Nursery/Preschool"
586,Village Child Care Inc.,"1-730 River Road
Winnipeg, Manitoba
R2M 5A4",vcci@mymts.net,,"Nursery/Preschool, School Age"
587,Village Child Care Incorporated - Minnetonka School,"18-200 Minnetonka Road
Winnipeg, Manitoba
R2M 3Y6",vcci@mymts.net,,Nursery/Preschool
588,Villages United Early Learning Centre Inc. Hamiota,"39 4TH Street
Hamiota, Manitoba
R0M 0T0",villagesunited2004@outlook.com,,"Infant, Nursery/Preschool"
589,Villages United Early Learning Centre Inc. Hamiota Nursery School and School Age,"35 4TH Street
Hamiota, Manitoba
R0M 0T0",villagesunited2004@outlook.com,,"Nursery/Preschool, School Age"
590,Villages United Early Learning Centre Inc. Kenton,"512 Woodworth Avenue
Kenton, Manitoba
R0M 0Z0",villagesunited2004@outlook.com,,"Infant, Nursery/Preschool"
591,Villages United Early Learning Centre Inc. Oak River,"19 Government Road
Oak River, Manitoba
R0K 1T0",villagesunited2004@outlook.com,,"Infant, Nursery/Preschool"
592,Villages United Early Learning Centre Inc. Strathclair,"16 Main Street
Strathclair, Manitoba
R0J 2C0",villagesunited2004@outlook.com,,"Infant, Nursery/Preschool"
593,Vita Community Child Care Centre Inc.,"207 Poplar Avenue
Vita, Manitoba
R0A 2K0",vitachildcare@gmail.com,,"Infant, Nursery/Preschool, School Age"
594,Voyageur In School Program Inc.,"37 Voyageur Avenue
Winnipeg, Manitoba
R2Y 0H7",vipkids@mymts.net,(204) 832-4707,"Nursery/Preschool, School Age"
595,Wade Philip Galloway Learning Centre,"401 4th Avenue
Bowsman, Manitoba
R0L 0H0",Bowsmanelc@outlook.com,,"Infant, Nursery/Preschool, School Age"
596,Waskada Wee Ones Early Learning Center,"30 Souris Avenue
Waskada, Manitoba
R0M 2E0",waskadaweeones@gmail.com,(204) 483-6243,"Infant, Nursery/Preschool"
597,Waskada Wee Ones Playschool Inc.,"30 Souris Avenue
Waskada, Manitoba
R0M 2E0",waskadaweeones@gmail.com,(866) 422-5117,Nursery/Preschool
598,Waterhen &amp;amp; District Day Care & Developmental Centre,"146-138 Main Street
Waterhen, Manitoba
R0C 2C0",,(204) 628-3502,"Infant, Nursery/Preschool"
599,Waverley Heights Child Care Inc.,"1885 Chancellor Drive
Winnipeg, Manitoba
R3T 4C4",whcc@mymts.net,,"Nursery/Preschool, School Age"
600,Wawanesa Wee Care Inc.,"530 Commercial Street
Wawanesa, Manitoba
R0K 2G0",,(204) 824-2933,"Nursery/Preschool, School Age"
601,Wawanesa Wee Care Inc. (Standalone),"518 Commercial Street
Wawanesa, Manitoba
R0K 2G0",,(204) 824-2075,"Infant, Nursery/Preschool"
602,Wee Bairns Infant Care Centre,"260 Redonda Street
Winnipeg, Manitoba
R2C 1L6",weebairns@retsd.mb.ca,(204) 958-6489,Infant
603,Wee Care Child Centre Carman Inc.,"295 1st Street SW
Carman, Manitoba
R0G 0J0",wccc@mymts.net,,"Infant, Nursery/Preschool"
604,Wee R Special Inc. (Day Care),"126 Broadway Avenue
Deloraine, Manitoba
R0M 0M0",,(204) 747-2111,"Infant, Nursery/Preschool"
605,Wee R Special Inc. (Nursery School),"112 Lake Street S
Deloraine, Manitoba
R0M 0M0",weersns@live.com,,Nursery/Preschool
606,Wee Wisdom Nursery School,"142 28th Street
Brandon, Manitoba
R7B 2G3",weewisdom@hotmail.ca,,Nursery/Preschool
607,Wee World Day Care Inc.,"600 3rd Street NE
Portage La Prairie, Manitoba
R1N 1R4",weewdc@shaw.ca,,"Infant, Nursery/Preschool, School Age"
608,Wee World Site #2,"480 6th Avenue (Ave) NE
Portage La Prairie, Manitoba
R1N 0B4",,(204) 239-0323,"Infant, Nursery/Preschool"
609,West Kildonan Tiny Tots Inc.,"346 Perth Avenue
Winnipeg, Manitoba
R2V 3B3",westktinytots@gmail.com,,Nursery/Preschool
610,West St. Paul Nursery School Co-op Inc.,"48 Holland Road
West St. Paul, Manitoba
R2V 4R8",wspnurseryschool@yahoo.ca,,Nursery/Preschool
611,West-End Day Care Centre Inc.,"1825 Saskatchewan Avenue W
Portage La Prairie, Manitoba
R1N 0R6",wedc8010@mts.net,,"Infant, Nursery/Preschool, School Age"
612,Westgrove Children's Centre Inc.,"50 Westgrove Way
Winnipeg, Manitoba
R3R 1R7",wcci@shawbiz.ca,(204) 895-0296,"Nursery/Preschool, School Age"
613,Westminster Children's Care Centre,"745 Westminster Avenue
Winnipeg, Manitoba
R3G 1A5",,(204) 772-8476,"Nursery/Preschool, School Age"
614,Weston Child Care Centre Inc.,"105 Holmes Road
West St Paul, Manitoba
R4A 6A2",director@westonchildcare.ca,(204) 430-2313,"Nursery/Preschool, School Age"
615,Westpark Children's Centre,"B-2375 Saskatchewan Avenue W
Portage la Prairie, Manitoba
R1N 3B2",,(204) 857-3726,Nursery/Preschool
616,Westwin Children's Centre,"642 Wihuri Road
Winnipeg, Manitoba
R3N 1W8",corinne.reyes@winnipegmfrc.ca,(2048332) 500-2491,Nursery/Preschool
617,Westwood Community Child Care Inc.,"181 Sansome Avenue
Winnipeg, Manitoba
R3K 0N8",wccci@mymts.net,,"Nursery/Preschool, School Age"
618,Whyte Ridge Before and After School Program,"400 Scurfield Boulevard
Winnipeg, Manitoba
R3Y 1L3",ashleigh.maryk@ymanitoba.ca,,"Nursery/Preschool, School Age"
619,Wild Honey Children's Centre,"811 St. Paul Avenue
Winnipeg, Manitoba
R3G 0K9",,(204) 786-1418,"Nursery/Preschool, School Age"
620,Wild Strawberry Children's Centre,"659 Alverstone Street
Winnipeg, Manitoba
R3E 2G8",wildfun@mts.net,,Nursery/Preschool
621,Wild Strawberry Children's Centre - School Age,"C-801 Sargent Avenue
Winnipeg, Manitoba
R3B 0E9",wildfun@mts.net,(204) 775-8754,"Nursery/Preschool, School Age"
622,Wild Strawberry Children's Centre - Toddler and Preschool Program,"D-801 Sargent Avenue
Winnipeg, Manitoba
R3E 2G8",wildfun@mts.net,(204) 779-6272,"Infant, Nursery/Preschool"
623,Winakwa Nursery School Inc.,"866 Autumnwood Drive
Winnipeg, Manitoba
R2J 1C1",,(204) 223-5507,Nursery/Preschool
624,Windsor Cares For Kids Incorporated,"99 Springside Drive
Winnipeg, Manitoba
R2M 5A7",wcfk@mts.net,,"Nursery/Preschool, School Age"
625,Windsor Community Centre Tiny Tots,"99 Springside Drive
Winnipeg, Manitoba
R2M 5A7",office@windsorcc.ca,,Nursery/Preschool
626,Windsor Park Children's Care Center Inc.,"906 Cottonwood Road
Winnipeg, Manitoba
R2J 1G2",wpccc@mts.net,,"Nursery/Preschool, School Age"
627,Windsor Park Children's Care Centre -Stepping Stones,"2-282 St.Anne's Road
Winnipeg, Manitoba
R2M 3A7",wpccc@mts.net,(204) 257-6066,Infant
628,Winkler Day Care Centre Inc.,"851 Pembina Avenue
Winkler, Manitoba
R6W 2N5",wdcc@mymts.net,(204) 325-9103,"Infant, Nursery/Preschool"
629,Winkler Kid's Korner Nursery School Inc.,"600 Southview Drive
Winkler, Manitoba
R6W 2P7",wkkns@hotmail.com,,Nursery/Preschool
630,Winnipeg Beach Tiny Tots Inc.,"185 Churchill Road
Winnipeg Beach, Manitoba
R0C 3G0",wpgbeachtt@msn.com,,"Infant, Nursery/Preschool, School Age"
631,Winnipeg Mennonite Early Learning Christian Centre,"250 Bedson Street
Winnipeg, Manitoba
R3K 1R7",wmelc@crestviewpark.ca,(204) 896-1887,Nursery/Preschool
632,Winnipeg MFRC Occasional Child Care Centre,"630 Wihuri Road
Winnipeg, Manitoba
R3J 3Y5",cortney.sim@forces.gc.ca,(204) 833-2500,"Infant, Nursery/Preschool, School Age"
633,Wolseley Family Place Playroom,"205-222 Furby Street
Winnipeg, Manitoba
R3C 2A7",playroom@wfpwpg.ca,(204) 560-3151,"Infant, Nursery/Preschool"
634,Woodlands Child Care Inc,"91 Porteous Street
Woodlands, Manitoba
R0C 3H0",woodlandschildcare@gmail.com,,"Infant, Nursery/Preschool, School Age"
635,Y Downtown Early Learning Centre,"231 8th Street
Brandon, Manitoba
R7A 3X2",audra.newman@ymanitoba.ca,,Nursery/Preschool
636,Y Maryland Early Learning Centre,"700 Maryland Avenue
Brandon, Manitoba
R7A 7X9",angie.dunbar@ymanitoba.ca,(204) 726-4157,"Infant, Nursery/Preschool, School Age"
637,Y New Era Early Learning Center,"M6-527 Louise Avenue
Brandon, Manitoba
R7A 0X1",katherine.hume@ymanitoba.ca,(204) 571-6559,"Nursery/Preschool, School Age"
638,Y South Early Learning Centre,"1525 First Street S
Brandon, Manitoba
R7A 6Z9",debra.berry@ymanitoba.ca,(204) 571-6556,"Infant, Nursery/Preschool, School Age"
639,Y Valleyview Early Learning Centre,"77 Whillier Drive
Brandon, Manitoba
R7B3W8",tammy.munro@ymanitoba.ca,(204) 571-6554,"Nursery/Preschool, School Age"
640,Y West Early Learning Centre,"B-565 34th Street
Brandon, Manitoba
R7B 3P8",patricia.gergert@ymanitoba.ca,,"Infant, Nursery/Preschool"
641,YMCA-YWCA of Winnipeg - Ecole Guyot,"400 Willowlake Crescent
Winnipeg, Manitoba
R2J 3K2",heather.seniuk@ymanitoba.ca,,"Nursery/Preschool, School Age"
642,YMCA-YWCA of Winnipeg - Ecole Robert Browning,"130 Browning Boulevard
Winnipeg, Manitoba
R3K 0L8",constance.cava@ymanitoba.ca,(204) 889-8642,"Nursery/Preschool, School Age"
643,YMCA-YWCA of Winnipeg - Lord Nelson School,"820 McPhillips Street
Winnipeg, Manitoba
R2X 2J7",richard.lilke@ymanitoba.ca,(204) 228-5963,"Nursery/Preschool, School Age"
644,YMCA-YWCA of Winnipeg - Shamrock School,"831 Beaverhill Boulevard
Winnipeg, Manitoba
R2J 3J2",heather.seniuk@ymanitoba.ca,,"Nursery/Preschool, School Age"
645,YMCA-YWCA of Winnipeg South Child Care Centre,"5 Fermor Avenue
Winnipeg, Manitoba
R2M 0Y1",alanna.newman@ymanitoba.ca,,Nursery/Preschool
646,Yours and Ours Day Care Inc.,"100-500 Balmoral Street
Winnipeg, Manitoba
R3G 2P6",,(204) 783-8914,"Nursery/Preschool, School Age"
